# name;lat;lon;district;type — OpenStreetMap contributors, ODbL; сборка 2026-09-28
10ая линия;53.937559;27.285781;;street
Улица 1ая линия;53.964864;27.265521;;street
2ая улица;53.951394;27.293019;;street
2ая линия;53.951679;27.304821;;street
2ой проезд;53.966727;27.265251;;street
3ая улица;53.951438;27.291666;;street
3ая линия;53.940820;27.281624;;street
3ий проезд;53.966697;27.266219;;street
Улица 3яя линия;53.964257;27.264233;;street
Улица 4ая линия;53.964143;27.263322;;street
4ый проезд;53.967548;27.266385;;street
Улица 5ая линия;53.963942;27.262571;;street
5ый проезд;53.967751;27.266491;;street
6ая линия;53.951436;27.291927;;street
6ой проезд;53.966522;27.267099;;street
7ая линия;53.938476;27.283162;;street
8ая линия;53.938042;27.283790;;street
9ая линия;53.937201;27.283752;;street
aллея Славы 60 лет Великой Победы;53.893843;27.582577;;street
Temporarily because of construction;53.845242;27.506105;;street
ЖК «Уручский-2»;53.961715;27.674247;;microdistrict
Абрикосовая улица;53.968544;27.597663;;street
Абрицкая Слобода;54.134561;27.504706;Мінскі раён;settlement
улица Авакяна;53.874889;27.542830;;street
Авангардная улица;53.910212;27.629325;;street
Авангардный переулок;53.906504;27.625897;;street
Августовская улица;53.914406;27.750243;;street
улица Авдеевой;53.933477;27.336925;;street
улица Авиаторов;53.775164;27.608546;;street
улица Авиации;53.874810;27.900315;;street
Авиационная улица;53.951523;27.672738;;street
Авроровская улица;53.861759;27.566145;;street
Автодоровская улица;53.877317;27.521360;;street
Автодоровский переулок;53.878473;27.523726;;street
Автозаводская улица;53.874597;27.660627;;street
Автозаводской переулок;53.874854;27.660439;;street
улица Автомобилистов;53.963122;27.539700;;street
Агарки;54.114319;27.289251;Мінскі раён;settlement
Агатовая улица;53.901862;27.800465;;street
Агатовый переулок;53.939407;27.493346;;street
Аграрная улица;53.980380;27.669950;;street
Аграрный переулок;53.980529;27.667732;;street
Агрономическая улица;54.069589;27.219643;;street
улица Адама Шемеша;53.922750;27.646735;;street
улица Азгура;53.900639;27.580697;;street
улица Азизова;53.931387;27.558173;;street
Азовская улица;53.880032;27.497519;;street
улица Айвазовского;53.866208;27.624276;;street
улица Академика Высоцкого;53.931870;27.673901;;street
переулок Академика Вышелесского;53.906098;27.419877;;street
улица Академика Жебрака;53.901351;27.417991;;street
улица Академика Карского;53.877654;27.448595;;street
улица Академика Купревича;53.925925;27.681615;;street
улица Академика Самерсова;53.792330;27.461102;;street
улица Академика Фёдорова;53.885136;27.427057;;street
Академическая улица;53.921070;27.596307;;street
Аквамариновая улица;53.901826;27.819976;;street
Аксаковщина;53.936621;27.087341;Мінскі раён;settlement
улица Аладовых;53.920502;27.456185;;street
улица Александра Воинова;53.965134;27.558183;;street
улица Александра Яковлева;53.961838;27.663460;;street
улица Александрова Н.Н.;54.011940;27.678334;;street
Александрово;53.777897;27.601980;;microdistrict
Александровская улица;53.961652;27.532966;;street
Александровский переулок;54.070197;27.762912;;street
Алексеевка;53.729544;27.665311;Мінскі раён;settlement
Алексеевская улица;53.912081;27.753244;;street
улица Алеся Адамовича;53.929954;27.764010;;street
улица Алеся Бачило;53.841905;27.700457;;street
улица Алеся Гаруна;53.924588;27.444940;;street
улица Алеся Дударя;53.840878;27.583230;;street
Алея в честь 100-летия органов юстиция Беларуси;53.855108;27.469761;;street
улица Алибегова;53.873331;27.468092;;street
Аллейная улица;53.938060;27.618143;;street
Улица Аллея;53.973229;27.276436;;street
аллея Берёзы Повислой;53.915164;27.610650;;street
Аллея валунов;53.931433;27.689059;;street
Аллея героев СССР;53.894442;27.438937;;street
Аллея дружбы Монголии и Беларуси;53.857285;27.473238;;street
аллея Дуба черешчатого;53.917205;27.613793;;street
аллея Ели европейской;53.914387;27.614065;;street
аллея Клена серебристого;53.915587;27.609073;;street
Аллея космонавтов;53.919458;27.613019;;street
Аллея крестов;53.966861;27.608121;;street
аллея Липы мелколистной;53.912897;27.612469;;street
аллея Любви;53.924038;27.584466;;street
Аллея молодожёнов;53.840363;27.632748;;street
аллея Ореха маньчжурского;53.918909;27.611091;;street
улица Аллея Победы;53.740736;27.505006;;street
Аллея праведников мира;53.910125;27.542644;;street
аллея Рябины обыкновенной;53.917523;27.607845;;street
аллея Тополя Канадского;53.912475;27.608797;;street
аллея Тополя чёрного;53.915847;27.604884;;street
аллея Туи западной;53.913876;27.610953;;street
аллея Черемухи Маака;53.914778;27.616511;;street
Аллея в честь 80-летия системы хозяйственных судов Республики Беларусь;53.918090;27.545273;;street
аллея Яблони сливолистной;53.914926;27.616733;;street
аллея Ясеня пенсильванского;53.913249;27.616884;;street
Алмазная улица;53.919815;27.773400;;street
улица Алоизы Пашкевич;53.910723;27.563292;;street
Алтайская улица;53.882541;27.660553;;street
Алтайский переулок;53.874010;27.667683;;street
Альпийская улица;53.914639;27.134819;;street
улица Альсмика;53.739260;27.489025;;street
улица Амелии Эрхарт;53.960621;27.667845;;street
Аметистовая улица;53.901858;27.806613;;street
Амураторская улица;53.911831;27.529881;;street
Амурская улица;53.938849;27.588066;;street
Амурский переулок;53.939321;27.588441;;street
Ангарская улица;53.861867;27.674480;;street
Ангарский переулок;53.872873;27.681599;;street
Андреевская улица;53.894279;27.586500;;street
улица Анишкевича;53.934960;27.810323;;street
улица Аннаева;53.906016;27.633109;;street
Аннополь;53.681952;27.554593;Мінскі раён;settlement
улица Антоненко;53.872793;27.884953;;street
Антонишки;53.858250;27.404163;Мінскі раён;settlement
Антоновская улица;53.899613;27.590419;;street
Антоновский переулок;53.907287;27.763585;;street
Анусино;54.043549;27.220430;Мінскі раён;settlement
Анусинская улица;54.027828;27.252284;;street
Анусинский переулок;54.046016;27.214237;;street
Аполинарьевская улица;53.968991;27.591445;;street
Аранская улица;53.885333;27.563009;;street
улица Аркадия Смолича;53.841264;27.585653;;street
1-я Арктическая улица;53.935414;27.599851;;street
Армейская улица;53.986147;27.508359;;street
Аронова Слобода;54.035850;27.426899;Мінскі раён;settlement
1-й переулок Артёма;53.886310;27.673250;;street
улица Артёма Микояна;53.954760;27.664885;;street
улица Артиллеристов;53.883525;27.558416;;street
Архангельская улица;54.055766;27.773338;;street
улица Архитектора Заборского;53.910973;27.556537;;street
улица Архитекторов;53.991706;27.277515;;street
улица Асаналиева;53.847132;27.543593;;street
Асфальтированная тропа к площадке;53.887559;27.545140;;street
Атолино;53.782619;27.433380;Мінскі раён;settlement
Атолинская улица;53.748815;27.478625;;street
улица Ауэзова;53.836762;27.643335;;street
улица Афанасьева;53.945259;27.785240;;street
Ашмянцы;54.022604;27.521530;Мінскі раён;settlement
Ашнарово;54.099695;27.368946;Мінскі раён;settlement
Аэровокзальная улица;53.891793;28.032241;;street
Аэродромная улица;53.872172;27.561691;;street
Аэродромный переулок;53.873833;27.551306;;street
Аэрофлотская улица;53.861770;27.531426;;street
1-й Аэрофлотский переулок;53.860661;27.533235;;street
улица Бабушкина;53.815720;27.583459;;street
улица Багратиона;53.908526;27.634931;;street
Багряная улица;53.885571;27.669410;;street
улица Багрянцева;53.872668;27.888707;;street
Багряный переулок;53.886302;27.669452;;street
1-я Базисная улица;53.943045;27.593137;;street
Базисный переулок;53.942830;27.596085;;street
Базовская улица;53.940580;27.743820;;street
Байдаки;53.915757;27.241631;Мінскі раён;settlement
Байкальская улица;53.869612;27.688042;;street
Бакинская улица;53.877397;27.560687;;street
Балтийская улица;53.860922;27.567348;;street
Банцеровская улица;53.967663;27.504139;;street
улица Баньковщина;53.929809;27.316208;;street
улица Барамзиной;53.874713;27.901733;;street
улица Баранчикова;54.060946;27.690944;;street
Барсуки;53.915830;27.137950;Мінскі раён;settlement
Баторинский переулок;53.938456;27.464601;;street
улица Батьки Миная;53.871499;27.438011;;street
Бахметовка;54.187580;27.361370;Мінскі раён;settlement
улица Бачило;53.745330;27.685865;;street
Бегомльская улица;53.961098;27.530304;;street
Белградская улица;53.871104;27.542719;;street
улица Белецкого;53.860498;27.451357;;street
улица Белинского;53.933685;27.609585;;street
Белица;53.720174;27.534975;Мінскі раён;settlement
улица Белова;54.006224;27.295691;;street
Беловежская улица;53.939950;27.806514;;street
Беломорская улица;53.925613;27.589308;;street
Белорусская улица;53.892992;27.561735;;street
Белорусский переулок;53.940464;27.411846;;street
Белые Лужи;54.053833;27.709389;Мінскі раён;settlement
улица Белые Росы;53.940706;27.804876;;street
улица Бельского;53.908529;27.480926;;street
Бельчицкая улица;53.969450;27.595375;;street
улица Беляева;53.946554;27.707339;;street
Береговая улица;54.025200;27.254219;;street
Береговой переулок;54.035526;27.395827;;street
Березина;53.737820;27.652760;Мінскі раён;settlement
Березинская улица;53.731850;27.661086;;street
Берёзовая улица;53.985834;27.280607;;street
Берёзовая аллея;53.920669;27.620704;;street
улица Берёзовая Роща;54.002294;27.675743;;street
Берёзогорская улица;53.873185;27.904753;;street
Берестовицкая улица;54.011274;27.417734;;street
Берестянская улица;53.905705;27.586635;;street
улица Берсона;53.897600;27.545744;;street
Бетонный проезд;53.896991;27.504763;;street
улица Бехтерева;53.879863;27.639776;;street
Библиотечная улица;53.929379;27.595627;;street
Биньковцы;54.075731;27.390040;Мінскі раён;settlement
улица Бирюзова;53.912438;27.513285;;street
Бирюзовая улица;54.001358;27.444543;;street
Бирюзовый переулок;53.971560;27.538712;;street
Благодатная улица;53.937525;27.808055;;street
Блакитная улица;53.813247;27.464215;;street
Бобруйская улица;53.891009;27.553098;;street
Бовбли;54.073652;27.348025;Мінскі раён;settlement
Богатырёво;53.847775;27.398397;Мінскі раён;settlement
улица Богдана Хмельницкого;53.922308;27.597148;;street
Богдановская улица;53.945688;27.755161;;street
Богдановский переулок;53.945295;27.746242;;street
Богушово;53.832014;27.308353;Мінскі раён;settlement
улица Болеслава Берута;53.909839;27.499898;;street
Болотная улица;53.918561;27.676251;;street
улица Болотникова;53.884057;27.665539;;street
Болотный переулок;53.975978;27.532502;;street
Больничная улица;53.787078;27.443410;;street
Больничный переулок;53.877990;27.518287;;street
улица Большая Слепня;53.941290;27.631184;;street
Большая Цветочная улица;53.909750;27.761829;;street
Большевик;54.006485;27.569173;Мінскі раён;settlement
Большое Стиклево;53.868198;27.703230;Мінскі раён;settlement
Большой Тростенец;53.855579;27.711809;Мінскі раён;settlement
Бордиловка;53.712761;27.677650;Мінскі раён;settlement
Борисовская улица;53.948292;27.806255;;street
Борковская улица;53.945409;27.515979;;street
Боровая;53.965735;27.646024;Мінскі раён;settlement
Боровецкий переулок;53.969817;27.581078;;street
Боровляны;53.996524;27.673084;Мінскі раён;settlement
улица Боровского;54.080089;27.700572;;street
Боровцы;54.035049;27.610790;Мінскі раён;settlement
Бородинская улица;53.859544;27.568618;;street
улица Борщевской;53.942062;27.774156;;street
Ботаническая улица;53.906767;27.604208;;street
Ботаническая аллея;53.921882;27.609170;;street
Ботанический переулок;53.935989;27.307534;;street
Боярская улица;53.753255;27.483128;;street
Брагинская улица;53.939040;27.558729;;street
2-й Брагинский переулок;53.939370;27.559205;;street
Братская улица;53.870809;27.554080;;street
Братский переулок;53.884434;27.669072;;street
улица Братьев Райт;53.961058;27.665429;;street
Брест-Литовская улица;53.883417;27.535561;;street
Брестская улица;53.853708;27.520377;;street
1-й Брестский переулок;53.860525;27.526770;;street
улица Брикета;53.907893;27.416530;;street
Брилевская улица;53.873178;27.527269;;street
Брилевский тупик;53.868917;27.521539;;street
улица Бровикова;53.967687;27.536472;;street
Бровки;54.043852;27.385857;Мінскі раён;settlement
Бродок;54.098309;27.683750;Мінскі раён;settlement
Броневой переулок;53.906391;27.582390;;street
улица Бронислава Тарашкевича;53.921363;27.646714;;street
Брусничная улица;53.932642;27.299813;;street
Брусничный переулок;53.924215;27.881456;;street
Брянский переулок;53.950431;27.811012;;street
Будённого;54.083048;27.731265;Мінскі раён;settlement
Будславская улица;53.960104;27.544877;;street
Будславский переулок;53.959133;27.538991;;street
Буды;54.185688;27.537797;Мінскі раён;settlement
переулок Бумажкова;53.902079;27.624461;;street
улица Бурдейного;53.904059;27.458627;;street
Буцевичи;54.127232;27.469080;Мінскі раён;settlement
Быховская улица;53.876106;27.544555;;street
улица Вавилова;53.869073;27.512377;;street
улица Валентия Ваньковича;53.922263;27.645477;;street
улица Валерьяна Буцевича;53.968308;27.666728;;street
Валерьяново;53.969239;27.663274;Мінскі раён;settlement
Валицковщина;53.740057;27.448059;Мінскі раён;settlement
улица Ванеева;53.885784;27.622951;;street
улица Варвашени;53.866597;27.672568;;street
Варшавская улица;53.989838;27.629416;;street
Василевщина;53.754223;27.443683;Мінскі раён;settlement
улица Василия Быкова;53.906579;27.254769;;street
Васильевская улица;53.943788;27.759271;;street
Васильковая улица;53.938408;27.724000;;street
улица Василя Быкова;53.937965;27.402107;;street
улица Васнецова;53.876586;27.619223;;street
Васьковщина;53.859699;27.320419;Мінскі раён;settlement
переулок Ватутина;53.933202;27.626626;;street
улица Ваупшасова;53.901731;27.673528;;street
Вежевая улица;53.952628;27.802193;;street
Векшицы;54.051037;27.207216;Мінскі раён;settlement
Великая улица;53.996977;27.730279;;street
Великая Борздынь;53.994663;27.147256;Мінскі раён;settlement
Великое Село;53.935605;27.059055;Мінскі раён;settlement
Великоморская улица;53.865785;27.564004;;street
Велозаводская улица;53.884044;27.596955;;street
2-й Велосипедный переулок;53.881376;27.598520;;street
Венделево;54.051796;27.178137;Мінскі раён;settlement
Вербицкие;54.024418;27.662558;Мінскі раён;settlement
Вербная улица;53.943243;27.473720;;street
Вербники;53.707048;27.472889;Мінскі раён;settlement
Вересковая улица;53.962881;27.597778;;street
Вересовая улица;54.031224;27.649377;;street
улица Верещагина;53.906803;27.507328;;street
Верхний переулок;53.936650;27.584767;;street
Верхняя улица;53.936322;27.588342;;street
Верхняя Луговая улица;53.967242;27.667600;;street
Вершинный переулок;53.873884;27.431567;;street
улица Веры Слуцкой;53.931417;27.549795;;street
улица Веры Хоружей;53.920170;27.572545;;street
Весёлая улица;53.951072;27.419080;;street
Весёлки;53.769377;27.776939;Мінскі раён;settlement
Весёлый переулок;53.994701;27.696764;;street
Весенний переулок;53.988006;27.612465;;street
Весенняя улица;53.935404;27.623628;;street
Весковая улица;53.841950;27.463831;;street
проезд Веснина;53.868513;27.619727;;street
улица Веснинка;53.942285;27.480099;;street
Весновая улица;53.913636;27.280695;;street
улица Ветеранов;53.927335;27.326745;;street
Ветеринарный переулок;54.070876;27.225191;;street
Взлётная улица;53.878353;27.894141;;street
улица Викентия Карповича;53.962823;27.668146;;street
улица Виктора Жудро;53.746807;27.523684;;street
улица Виктора Ливенцева;53.862773;27.637095;;street
улица Виктора Турова;53.834861;27.603279;;street
Вилейская улица;53.939634;27.460188;;street
Вилейский переулок;54.013440;27.291799;;street
Вильгельмово;53.663856;27.581195;Мінскі раён;settlement
Виноградная улица;53.965810;27.596467;;street
Вирская улица;53.869302;27.522673;;street
улица Виталия Цвирко;53.953551;27.567402;;street
Витебская улица;53.904260;27.548461;;street
улица Витебского;53.978092;27.859983;;street
Вишнёвая улица;53.942021;27.412282;;street
Вишнёвка;53.945572;27.191619;Мінскі раён;settlement
1-й Вишнёвый переулок;53.941141;27.413557;;street
улица Владимира Карпова;53.761875;27.631331;;street
улица Владимира Оловникова;53.843233;27.573432;;street
улица Владислава Голубка;53.924343;27.453091;;street
улица Владислава Сырокомли;53.839649;27.562890;;street
Водозаборная улица;53.887896;27.675561;;street
улица Водолажского;53.941582;27.711679;;street
Водопроводный переулок;53.933616;27.555616;;street
Военный городок;53.964537;27.762945;;microdistrict
Вознесенская улица;53.913103;27.777773;;street
Войсковая улица;53.938367;27.775447;;street
Войсковый переулок;53.907031;27.579776;;street
Вокзальная улица;53.888796;27.545606;;street
Волгоградская улица;53.938778;27.605503;;street
Волгоградский переулок;53.906713;27.786342;;street
Волгодонская улица;53.938672;27.614841;;street
Волжская улица;53.872200;27.653473;;street
Волжский проезд;53.873047;27.649374;;street
Волковичи;53.811860;27.396407;Мінскі раён;settlement
Волковщина;54.136330;27.411831;Мінскі раён;settlement
улица Волмянский Шлях;53.957121;27.821463;;street
Воловщина;53.970779;27.257580;Мінскі раён;settlement
улица Володарского;53.899795;27.550380;;street
улица Володько;53.879993;27.562564;;street
Воложинская улица;53.903707;27.429881;;street
улица Волоха;53.898371;27.524776;;street
Волочаевская улица;53.936966;27.592759;;street
3-й Волочаевский переулок;53.935944;27.591278;;street
улица Воробьёва;53.823241;27.455997;;street
Воронка;54.024547;27.285899;;microdistrict
переулок Воронянского;53.879093;27.553970;;street
Воропаевская улица;53.954250;27.592158;;street
Ворошилы;53.984555;27.213116;Мінскі раён;settlement
Восточная улица;53.937216;27.597058;;street
Восточный переулок;53.946381;27.601360;;street
улица Всеволода Игнатовского;53.923722;27.450674;;street
Всехсвятская улица;53.943909;27.655675;;street
Встречная улица;53.878972;27.674980;;street
Встречный переулок;53.876144;27.672518;;street
Вторая улица;53.973652;27.264268;;street
Вторая аллея;53.943269;27.294658;;street
Вторая линия;53.943640;27.286611;;street
Второй переулок;53.867854;27.707061;;street
Вузовский переулок;53.881824;27.559262;;street
вул. Воданапорная;54.081705;27.779939;;street
вул. Высокагорная;54.081532;27.783112;;street
вул. Малагорная;54.080596;27.780216;;street
вул. Узбярэжная;54.081617;27.784409;;street
вуліца Пятруся Броўкі;53.908664;27.606359;;street
вуліца Яначкіны Горы;54.056336;27.685940;;street
улица Выготского;53.957426;27.543924;;street
Высокая улица;53.915125;27.676238;;street
Высокий переулок;53.917682;27.672485;;street
Высотный переулок;54.034558;27.672561;;street
Вышково;54.069606;27.408471;Мінскі раён;settlement
Вязанка;54.006809;27.213480;Мінскі раён;settlement
Вязынская улица;53.938304;27.434169;;street
1-й Вязынский переулок;53.938287;27.435798;;street
Вішнёвы квартал;53.960762;27.655714;;microdistrict
улица Гагарина;53.967476;27.535261;;street
Гаёк;54.116416;27.452957;Мінскі раён;settlement
проспект Газеты Звязда;53.870791;27.474901;;street
проспект Газеты Правда;53.870550;27.485864;;street
Гаище;53.882565;27.241167;Мінскі раён;settlement
Гайдуковка;54.198579;27.392744;Мінскі раён;settlement
Галица;54.092129;27.653191;Мінскі раён;settlement
улица Гало;53.935142;27.589210;;street
улица Гамарника;53.956692;27.613067;;street
Гаспадарчая улица;53.787236;27.413174;;street
улица Гастелло;53.916329;27.530526;;street
Гатовино;54.088912;27.445014;Мінскі раён;settlement
Гатово;53.784599;27.641859;Мінскі раён;settlement
улица Гая;53.940291;27.562171;;street
Гвардейская улица;53.914246;27.532312;;street
Гвардейский переулок;53.913235;27.531503;;street
улица Гебелева;53.899687;27.539517;;street
улица Генерала Антонова;53.967994;27.533485;;street
переулок Геннадия Цитовича;53.967599;27.530376;;street
Геологическая улица;53.919260;27.680073;;street
Геологический проезд;53.909993;27.657403;;street
Георгиевская улица;53.949447;27.762511;;street
Георгиевский переулок;53.945718;27.763129;;street
улица Геофизика;53.949674;27.764263;;street
улица Герасименко;53.886023;27.679263;;street
Германовская улица;53.869103;27.556220;;street
Германовский переулок;53.869926;27.567945;;street
улица Героев;53.781225;27.595512;;street
улица Героев 120-й Дивизии;53.943579;27.718776;;street
улица Героев Сталинграда;53.954908;27.723873;;street
улица Герцена;53.905862;27.558081;;street
Гиацинтовая улица;53.901853;27.798420;;street
улица Гикало;53.913706;27.591186;;street
улица Гинтовта;53.954403;27.688913;;street
Главная историческая аллея;53.851849;27.577814;;street
3-й переулок Глаголева;53.883155;27.500638;;street
Глебковичи;53.917005;27.857671;Мінскі раён;settlement
улица Глебковка;53.953275;27.805897;;street
Глубокская улица;53.958645;27.550014;;street
Гоголевская улица;53.862533;27.564299;;street
улица Гоголя;53.938975;27.742654;;street
улица Головачёва;53.873824;27.885612;;street
Головачи;54.142353;27.319075;Мінскі раён;settlement
Головки;53.898499;27.317511;Мінскі раён;settlement
улица Голодеда;53.849632;27.654779;;street
улица Голубева;53.866011;27.468600;;street
Голынка;53.940403;27.129333;;microdistrict
Гольшанская улица;53.951426;27.508547;;street
2-й Гольшанский переулок;53.952473;27.510156;;street
Гомельская улица;53.948992;27.805140;;street
Гонолес;53.980658;27.333708;Мінскі раён;settlement
Горани;53.925072;27.172197;Мінскі раён;settlement
улица Горбатова;53.936740;27.726631;;street
Горбатый мост;53.909741;27.555535;;street
Гористая улица;53.944416;27.784362;;street
Горки Хопкинса;53.855418;27.761693;;street
Горная улица;53.917891;27.685565;;street
Горный переулок;53.910107;27.588014;;street
улица Горовца;53.874221;27.604177;;street
Городецкая улица;53.948402;27.664318;;street
Городище;53.831197;27.335865;Мінскі раён;settlement
Городищенская улица;53.981219;27.828368;;street
Городская улица;53.968174;27.658642;;street
улица Городской Вал;53.900967;27.550126;;street
Горошки;54.064651;27.279215;Мінскі раён;settlement
Горы;54.179081;27.376471;Мінскі раён;settlement
площадь Государственного Флага;53.928429;27.518467;;street
улица Гражданское Лесничество;53.946516;27.768701;;street
Гранатовая улица;53.901858;27.796368;;street
улица Графа Чапского;53.787485;27.460372;;street
улица Гребельки;53.853130;27.619748;;street
Гребенка;53.703232;27.642630;Мінскі раён;settlement
улица Грекова;53.868015;27.627657;;street
Грибная улица;53.993683;27.729158;;street
Грибной переулок;53.884451;27.666951;;street
улица Грибоедова;53.914225;27.528157;;street
улица Грибуна;53.780735;27.423455;;street
улица Григория Ширмы;53.877545;27.454097;;street
улица Гризодубовой;53.880738;27.904392;;street
Грини;54.117424;27.360105;Мінскі раён;settlement
улица Грицевца;53.887788;27.612198;;street
Гродненская улица;53.839042;27.646429;;street
улица Громова;53.856896;27.454988;;street
улица Громовой;53.953638;27.771923;;street
Грушевая улица;53.763640;27.687880;;street
Грушевская улица;53.881541;27.513420;;street
Грушевский переулок;53.883742;27.528389;;street
Губичи;54.074619;27.771120;Мінскі раён;settlement
Гузгаловка;53.775734;27.835093;Мінскі раён;settlement
улица Гукайло;53.739945;27.490364;;street
улица Гурского;53.893690;27.484588;;street
улица Гуртьева;53.958418;27.739093;;street
улица Гусовского;53.908153;27.511770;;street
улица Гутвиловича;53.910478;27.091174;;street
Гуты;53.941808;27.194183;;microdistrict
Гуя;54.129073;27.260564;Мінскі раён;settlement
Дальний переулок;53.866669;27.562273;;street
Дальняя улица;53.924895;27.752014;;street
Даниловка;53.827701;27.875684;Мінскі раён;settlement
улица Данилы Сердича;53.909073;27.488848;;street
Даровская улица;53.941427;27.486211;;street
Даровский переулок;53.940864;27.484301;;street
Дарога памяти;53.836549;27.704101;;street
улица Даумана;53.918097;27.552782;;street
Дачная улица;53.920097;27.684279;;street
Дачный;53.779371;27.682624;Мінскі раён;settlement
Дашки;54.234095;27.353726;Мінскі раён;settlement
Двинская улица;53.902942;27.628453;;street
Дворец;53.809399;27.909479;Мінскі раён;settlement
Дворицкая Слобода;53.846903;27.437133;Мінскі раён;settlement
Дворище;54.182786;27.402464;Мінскі раён;settlement
улица Дворищи;53.847093;27.599907;;street
Дворцовая улица;54.012331;27.429536;;street
Дегтярёвка;53.882702;27.375780;Мінскі раён;settlement
Дедовка;53.713861;27.562863;Мінскі раён;settlement
улица Дежнёва;53.871919;27.682099;;street
улица Декабристов;53.884040;27.511701;;street
Денисовская улица;53.874173;27.584058;;street
Денисовский переулок;53.872099;27.579722;;street
Деповский переулок;53.876810;27.530740;;street
Дергаи;53.764156;27.604576;Мінскі раён;settlement
Дерт Медвежино;53.891866;27.442786;;street
Детдомовская улица;53.832099;27.706202;;street
Детская улица;53.988537;27.682457;;street
Детская деревня SOS;53.993703;27.688085;;microdistrict
1-й Детский переулок;53.863857;27.629843;;street
улица Дехновка;54.008682;27.302663;;street
Дехновский переулок;54.014493;27.294161;;street
Дзержинская улица;54.000275;27.277039;;street
проспект Дзержинского;53.842580;27.469279;;street
улица Димитрова;53.910197;27.544482;;street
Динамометрическая дорога;53.912461;27.709942;;street
Динаровичи;54.076851;27.318451;Мінскі раён;settlement
Дисенская улица;53.966366;27.577437;;street
Дички;53.989635;27.231174;Мінскі раён;settlement
Дичковский переулок;53.989001;27.236272;;street
Дмитриевская улица;53.949000;27.758909;;street
Дмитриевский переулок;53.947792;27.760410;;street
Днепр;53.931732;27.691971;;street
Днепро-Бугский канал;53.931272;27.689506;;street
Днепровская улица;53.869637;27.664476;;street
Днепровский проезд;53.870333;27.664539;;street
Добрая улица;53.971857;27.622153;;street
Добромысленский переулок;53.891158;27.539831;;street
улица Доватора;53.911258;27.524765;;street
Довборово;54.218731;27.374331;Мінскі раён;settlement
улица Докутович;53.870705;27.890485;;street
Докшицкая улица;53.964849;27.591975;;street
3-й Долгиновский переулок;53.938586;27.548367;;street
Долгобродская улица;53.893291;27.610878;;street
Должаны;54.028717;27.204657;Мінскі раён;settlement
Домашевская улица;53.909000;27.523904;;street
Домбровская улица;53.915970;27.455955;;street
Дорога памяти;53.832267;27.702924;;street
Дорога смерти;53.835570;27.705572;;street
Дорожная улица;53.951739;27.843113;;street
Дорожный переулок;54.075064;27.694286;;street
улица Дорошевича;53.919269;27.588632;;street
переулок Достоевского;53.939384;27.589147;;street
Дофаренция;54.055140;27.621600;Мінскі раён;settlement
2-й Дражненский переулок;53.894389;27.651992;;street
улица Дрозда;53.905495;27.528468;;street
Дроздово;53.986736;27.615157;Мінскі раён;settlement
проезд Дрозды;53.943186;27.499836;;street
улица Дружбы;53.853392;27.485696;;street
Дружная улица;53.772878;27.604438;;street
Дружный переулок;53.748234;27.556802;;street
Друйская улица;53.967194;27.577569;;street
Дубенцы;53.855797;27.275488;Мінскі раён;settlement
Дубинки;53.664579;27.603606;Мінскі раён;settlement
Дубицкая Слобода;53.680660;27.618429;Мінскі раён;settlement
Дубки;53.769920;27.625380;Мінскі раён;settlement
Дубовая улица;53.909308;27.289657;;street
Дубовлянская улица;54.005404;27.541307;;street
Дубовлянский переулок;53.967827;27.596836;;street
Дубовляны;54.001751;27.540150;Мінскі раён;settlement
Дубовый Лес;53.690610;27.705200;Мінскі раён;settlement
улица Дубовый Лог;53.954095;27.808791;;street
Дубравинская улица;53.878882;27.507558;;street
Дубравинский переулок;53.878092;27.506141;;street
Дуброва;53.873898;27.181883;Мінскі раён;settlement
Дубровенская улица;53.915281;27.313439;;street
Дубровка;53.966301;27.876440;Мінскі раён;settlement
Дуброво;53.790950;27.871890;Мінскі раён;settlement
Дубровская улица;54.053820;27.766086;;street
Дубровский переулок;54.052641;27.766121;;street
микрорайон Дудовка;53.857828;27.331640;;microdistrict
Дукорская улица;53.831486;27.709453;;street
Дуличи;53.872602;27.164348;Мінскі раён;settlement
Дунай;53.804464;27.340821;;microdistrict
Дунайская улица;53.901804;27.781921;;street
улица Дунина-Марцинкевича;53.906403;27.493495;;street
улица Евгения Глебова;53.925066;27.651648;;street
улица Евгения Мирковского;53.864077;27.633965;;street
Европейская улица;53.992032;27.626514;;street
улица Евфросиньи Полоцкой;53.904739;27.473553;;street
улица Ежи Гедройца;53.853170;27.476782;;street
Еловая улица;53.937216;27.771041;;street
Еловая аллея;53.913533;27.615379;;street
Ельница;53.818264;27.722308;Мінскі раён;settlement
Ельницкая улица;53.843843;27.708060;;street
улица Ельских;53.874518;27.467677;;street
Енисейская улица;53.910034;27.772825;;street
Енисейский проезд;53.880526;27.672044;;street
улица Ермака;53.962204;27.511805;;street
Ермаки;54.091190;27.258711;Мінскі раён;settlement
улица Есенина;53.915953;27.755279;;street
Еськовичи;53.653095;27.615153;Мінскі раён;settlement
Ефимово;53.789454;27.812651;Мінскі раён;settlement
улица Ефремова;54.025108;27.261617;;street
Жабовщина;54.156502;27.470890;Мінскі раён;settlement
Жасминовая улица;53.933601;27.648322;;street
Ждановичи;53.948363;27.427418;Мінскі раён;settlement
Ждановичская улица;53.932328;27.450773;;street
Жданы;53.753360;27.496380;;microdistrict
Железнодорожная улица;53.868221;27.490785;;street
4-й Железнодорожный переулок;53.882236;27.523393;;street
Жемчужная улица;53.989581;27.689592;;street
Жемчужный переулок;53.744610;27.484868;;street
Живописная улица;53.917650;27.407152;;street
Живописный переулок;53.941394;27.805706;;street
улица Животноводов;53.724332;27.638173;;street
Жилой комплекс «Вясёлка»;53.797380;27.447628;;microdistrict
улица Жилуновича;53.878459;27.635967;;street
Жлобинская улица;53.847787;27.548525;;street
Жодинская улица;53.947104;27.808990;;street
улица Жореса Алфёрова;53.859993;27.546640;;street
улица Жудро;53.915307;27.479785;;street
Жуки;54.118140;27.335700;Мінскі раён;settlement
Жуков Луг;53.974854;27.767345;Мінскі раён;settlement
проспект Жукова;53.873919;27.527234;;street
Жуковка;54.183631;27.504288;Мінскі раён;settlement
улица Жуковского;53.885669;27.551365;;street
Журавлиная улица;53.870577;27.299629;;street
Заболотье;53.788153;27.404467;Мінскі раён;settlement
зав. Узбярэжны 1;54.080211;27.780793;;street
зав. Узбярэжны3;54.080873;27.782561;;street
Заводская улица;53.889040;27.584816;;street
Заводской переулок;53.747861;27.682916;;street
Загатье;53.675050;27.626333;Мінскі раён;settlement
Загородная улица;54.020693;27.262168;;street
1-й Загородный переулок;53.906731;27.520984;;street
улица Загорье;54.002990;27.337799;;street
Закаблуки;53.904045;27.253208;Мінскі раён;settlement
Закружка;53.659653;27.568654;Мінскі раён;settlement
Заливной переулок;53.925464;27.540945;;street
Замковая улица;53.907076;27.547526;;street
Замковый переулок;53.909893;27.759320;;street
Замосточье;53.820820;27.866390;Мінскі раён;settlement
Западная улица;53.899337;27.531680;;street
Западная Двина;53.932524;27.691271;;street
Западный переулок;54.061299;27.553047;;street
Заповедный переулок;53.939944;27.789114;;street
Запорожская улица;53.903841;27.635776;;street
1-й Запорожский переулок;53.905507;27.638171;;street
Запрудная улица;53.948029;27.442308;;street
Заречанский переулок;53.961721;27.511426;;street
Заречная улица;53.840955;27.712764;;street
1-й Заречный переулок;53.843212;27.641625;;street
Заречный тупик;53.842537;27.642726;;street
Заречье 1;53.961170;27.398872;Мінскі раён;settlement
Зарченая улица;53.970812;27.277431;;street
Заславль;54.004494;27.291132;Мінскі раён;settlement
Заславская улица;53.912597;27.534039;;street
улица Заслонова;53.939021;27.614030;;street
Застаринье;53.809231;27.873949;Мінскі раён;settlement
Застенок;53.829295;27.317695;;microdistrict
улица Затишье;53.943782;27.576996;;street
Захаричи;53.984088;27.249744;Мінскі раён;settlement
улица Захарова;53.908183;27.575775;;street
Зацень;53.973645;27.507088;Мінскі раён;settlement
Заямочное;53.850852;27.853479;Мінскі раён;settlement
Збаровичи;54.115131;27.322050;Мінскі раён;settlement
Звёздная улица;53.883323;27.896314;;street
Звенячи;53.931732;27.103088;Мінскі раён;settlement
улица Здановича;53.951048;27.421279;;street
Зелёная;53.979843;27.295206;Мінскі раён;settlement
Зелёная гавань;53.890858;27.741461;;microdistrict
Зеленогорская улица;53.941797;27.384419;;street
бульвар Зелёной Гавани;53.892026;27.742129;;street
Зелёнолугская улица;53.968496;27.588934;;street
Зелёный переулок;53.946475;27.341667;;street
Земледельческая улица;53.937851;27.561355;;street
1-й Земледельческий переулок;53.936459;27.559109;;street
2-я Землемерная улица;53.888528;27.515050;;street
Земляничная улица;54.067753;27.776850;;street
улица Земляничная Поляна;54.067325;27.224324;;street
Земляничный переулок;53.922844;27.877331;;street
Зенитный переулок;53.886102;27.527242;;street
Зеречный переулок;54.004440;27.668506;;street
2-й Зимний переулок;53.879361;27.677897;;street
Зимняя улица;53.877918;27.676564;;street
улица Змитрока Бядули;53.907699;27.582588;;street
Знатная улица;53.756349;27.479456;;street
улица Зои Космодемьянской;53.938059;27.616855;;street
Золотая улица;53.940480;27.489276;;street
улица Золотая Горка;53.911792;27.584335;;street
Золотистая улица;53.908233;27.811709;;street
Золотой переулок;53.940065;27.490410;;street
Зорная улица;53.879779;27.277745;;street
3-й переулок Зубачёва;53.855253;27.524299;;street
Зыбицкая улица;53.905555;27.558875;;street
улица Ивана Баграмяна;53.951090;27.539544;;street
улица Ивана Науменко;53.966505;27.530095;;street
улица Ивана Хруцкого;53.965018;27.532456;;street
улица Ивана Шамякина;53.892933;27.426157;;street
Ивановская улица;53.893675;27.587874;;street
Ивенецкая улица;53.907612;27.423199;;street
улица Игната Буйницкого;53.923999;27.648383;;street
улица Игната Домейко;53.922243;27.645503;;street
улица Игнатенко;53.919219;27.528044;;street
улица Игоря Лученка;53.866750;27.542712;;street
Игуменский тракт;53.845524;27.569080;;street
Иерусалимская улица;53.899638;27.537456;;street
Извозная улица;53.891631;27.528818;;street
1-й Извозный переулок;53.890910;27.524632;;street
Измайловская улица;53.941126;27.584205;;street
1-й Измайловский переулок;53.945421;27.590508;;street
Изумрудная улица;53.919718;27.768717;;street
Изумрудный переулок;53.940384;27.492940;;street
Илимская улица;53.890318;27.680777;;street
улица Ильи Копиевича;53.931344;27.670397;;street
Ильинская улица;53.945708;27.757212;;street
Ильменская улица;53.937094;27.620713;;street
Ильянская улица;53.932336;27.476955;;street
Индустриальная улица;53.883818;27.574102;;street
Инженерная улица;53.845938;27.677738;;street
Инженерный переулок;53.836190;27.681559;;street
Институтская улица;53.943510;27.404248;;street
Инструментальный переулок;53.927885;27.610261;;street
улица Интернационалистов;53.916723;27.751580;;street
Интернациональная улица;53.900444;27.551315;;street
Иодковская улица;53.968047;27.586355;;street
улица Иосифа Гошкевича;53.842057;27.571495;;street
улица Иосифа Жиновича;53.924043;27.441208;;street
улица Иосифа Лангбарда;53.952151;27.561375;;street
Ириновская улица;53.961277;27.534179;;street
Ириновский переулок;53.959927;27.535684;;street
Иркутская улица;53.879119;27.674946;;street
Иркутский переулок;53.871435;27.678366;;street
Иртышская улица;53.899983;27.782001;;street
улица Искалиева;53.874946;27.623792;;street
Ислочская улица;53.966159;27.128636;;street
Ислочь;53.897644;27.098615;Мінскі раён;settlement
улица Ишутина;53.942054;27.347152;;street
переулок Кабушкина;53.866947;27.641377;;street
Казаки;53.967474;27.146011;Мінскі раён;settlement
Казарменный переулок;53.895415;27.574177;;street
Казеково;54.113239;27.431570;Мінскі раён;settlement
Казельщина;53.986648;27.126413;Мінскі раён;settlement
Казимировская улица;53.916097;27.436879;;street
площадь Казинца;53.844046;27.506455;;street
Кайково;53.719109;27.633530;Мінскі раён;settlement
Калейдаскоп;53.961004;27.653725;;microdistrict
переулок Калинина;53.932831;27.608136;;street
Калининградский переулок;53.926986;27.598640;;street
Калинино;53.738605;27.553510;Мінскі раён;settlement
Калиновая улица;53.995496;27.722865;;street
улица Калиновского;53.941986;27.647911;;street
улица Калиновый Ярок;53.956225;27.819735;;street
Кальварийская улица;53.905507;27.537322;;street
Кальварийский проезд;53.908563;27.508505;;street
Кальзберг;54.139007;27.251927;Мінскі раён;settlement
Калядная улица;53.995387;27.661313;;street
Камайская улица;53.937776;27.456525;;street
Каменец;54.172901;27.422703;Мінскі раён;settlement
Каменная улица;53.930569;27.416039;;street
Каменная Горка;53.929684;27.413298;Мінскі раён;settlement
Каменногорская улица;53.909518;27.417238;;street
Камки;54.156502;27.415871;Мінскі раён;settlement
Камышовый переулок;53.905898;27.774439;;street
Канатный переулок;53.915562;27.539511;;street
Канютичи;53.794550;27.536200;Мінскі раён;settlement
Капличи;53.912086;27.241438;Мінскі раён;settlement
Каралино;53.701489;27.587637;Мінскі раён;settlement
Каралинская улица;53.701096;27.586754;;street
Карасевщина;53.894644;27.160940;Мінскі раён;settlement
улица Карбышева;53.955723;27.621654;;street
улица Карвата;53.905066;27.678422;;street
улица А. Каримова;53.818283;27.390589;;street
улица Каритас;54.004768;27.720666;;street
улица Карла Либкнехта;53.898087;27.539302;;street
улица Карла Маркса;53.902301;27.566717;;street
Каролинская улица;53.852601;27.490575;;street
Каролинский проезд;53.856664;27.490124;;street
улица Карпова;53.890874;27.507241;;street
улица Карповича;54.038300;27.401869;;street
Картленд;53.910674;27.521600;;street
улица Каруся Каганца;53.849566;27.561365;;street
улица 1-й Карьер;53.813361;27.645311;;street
Касынь;54.071466;27.507852;Мінскі раён;settlement
Касыньская улица;54.088815;27.498127;;street
Каховская улица;53.929207;27.549537;;street
Качино;53.942959;27.376018;Мінскі раён;settlement
Качинская улица;53.933049;27.443223;;street
улица Кашинского;53.974825;27.851449;;street
Каштановая улица;53.967868;27.593671;;street
Каштановый переулок;53.800771;27.425439;;street
Кветковая улица;53.971892;27.134606;;street
Кедровая улица;53.907838;27.768881;;street
улица Кедышко;53.928439;27.611770;;street
Киевская улица;53.933389;27.552269;;street
Кипарисовая улица;53.907819;27.773389;;street
улица Киреева;53.877356;27.909087;;street
улица Киреенко;53.897233;27.474364;;street
улица Кирилла и Мефодия;53.905464;27.556821;;street
улица Кирилла Туровского;53.934015;27.656300;;street
улица Кирова;53.900837;27.568037;;street
улица Кирпичный завод;54.053531;27.291517;;street
Кирши;54.005272;27.242591;Мінскі раён;settlement
Киршовский переулок;54.002228;27.236612;;street
улица Кирюникова;53.813700;27.460149;;street
улица Киселёва;53.909075;27.574721;;street
Кисели;54.102428;27.252960;Мінскі раён;settlement
улица Китаева;53.822818;27.716702;;street
улица Клары Цеткин;53.894860;27.539067;;street
Кленовая улица;53.910322;27.757130;;street
улица Кленовая Аллея;53.890098;27.734347;;street
Кленовый переулок;53.789101;27.624279;;street
Клецкая улица;53.841999;27.644050;;street
Клецкий проезд;53.836042;27.649181;;street
Климовичи;53.807152;27.613831;Мінскі раён;settlement
Клубничная улица;53.966940;27.276638;;street
Клубничный переулок;53.922166;27.876184;;street
Клубный проезд;53.884184;27.594164;;street
улица Клумова;53.891493;27.612034;;street
Клюи;53.854980;27.309780;Мінскі раён;settlement
Ключевая улица;53.898406;27.649620;;street
Ключники;54.103302;27.680023;Мінскі раён;settlement
улица Кнорина;53.942102;27.619464;;street
Княгининская улица;53.936787;27.464513;;street
Княгининский переулок;53.937559;27.463686;;street
улица Князей Глебовичей;54.022800;27.264744;;street
Кобринская улица;53.858810;27.525375;;street
улица Ковалёва;53.874618;27.441149;;street
улица Коваленко;53.740770;27.489771;;street
улица Ковалькова;54.053244;27.754146;;street
переулок Ковчура;53.927548;27.754251;;street
Ковшево;54.073292;27.500490;;microdistrict
переулок Козлова;53.905043;27.608387;;street
Козловка;53.874889;27.272869;Мінскі раён;settlement
Козыревская улица;53.872090;27.565646;;street
Козьмо-Демьяновский спуск;53.905635;27.555357;;street
улица Колесникова;53.920393;27.438688;;street
Коллективный проезд;53.904285;27.627565;;street
Коллекторная улица;53.901828;27.538692;;street
Коллекторный переулок;53.976509;27.669509;;street
Колодищи 2;53.911783;27.772527;;microdistrict
Колхозная улица;53.874983;27.456973;;street
2-я Кольцевая улица;53.839557;27.647310;;street
1-й Кольцевой проезд;53.841228;27.637983;;street
проезд Кольцова;53.951050;27.598102;;street
Колядичи;53.829601;27.556290;Мінскі раён;settlement
Колядная улица;53.960321;27.506889;;street
улица Комаровское Кольцо;53.935208;27.587915;;street
Коммунальная улица;53.997074;27.303717;;street
Коммунальный переулок;53.999022;27.302092;;street
Коммунистическая улица;53.913938;27.556686;;street
Комсомолец;54.082001;27.569851;Мінскі раён;settlement
Комсомольская улица;53.897795;27.557129;;street
улица Кондрата Крапивы;53.856235;27.455319;;street
улица Константина Острожского;53.945795;27.751000;;street
улица Констанции Буйло;53.856014;27.455758;;street
Кооперативная улица;53.830204;27.519809;;street
Кооперативный переулок;53.884126;27.532906;;street
Копиевичи;53.829224;27.501989;Мінскі раён;settlement
Копище;53.958820;27.670317;Мінскі раён;settlement
Копыльская улица;53.836067;27.646977;;street
Копыльский тупик;53.835434;27.641892;;street
Коралловая улица;53.901827;27.815367;;street
улица Коржа;53.895554;27.520329;;street
переулок Корженевского;53.847424;27.529921;;street
улица Корзюки;53.839723;27.611881;;street
улица Корицкого;53.870701;27.625808;;street
Королёв Стан;53.986676;27.795727;Мінскі раён;settlement
улица Короленко;53.935735;27.622171;;street
Королищевичи;53.799377;27.690208;Мінскі раён;settlement
улица Короля;53.905352;27.536080;;street
Короткая улица;53.946730;27.773921;;street
улица Короткевича;53.873807;27.531336;;street
1-й Короткий переулок;53.892859;27.481671;;street
улица Корш-Саблина;53.937916;27.585521;;street
Косачи;54.142838;27.375984;Мінскі раён;settlement
улица Косая Аллея;53.717257;27.536787;;street
улица Космонавтов;53.851803;27.461713;;street
проезд Котовского;53.873066;27.652266;;street
Котяги;53.753331;27.561213;Мінскі раён;settlement
Кохановщина;53.781250;27.481791;Мінскі раён;settlement
улица Кошевого;54.012974;27.268817;;street
Крайняя улица;53.876966;27.577192;;street
улица Крамского;53.951853;27.613801;;street
Красивая улица;53.885337;27.542737;;street
Красивый переулок;53.885822;27.544821;;street
улица Красина;53.828810;27.777898;;street
Красная улица;53.915168;27.581475;;street
улица Красная Слобода;53.847150;27.659556;;street
Красноармейская улица;53.901865;27.564340;;street
Красное;53.913757;27.154285;Мінскі раён;settlement
Краснозвёздная улица;53.908062;27.590626;;street
Краснозвёздный переулок;53.912308;27.585743;;street
Красномысленский переулок;53.878991;27.532102;;street
Краснослободская улица;53.842583;27.636790;;street
Кревская улица;53.911355;27.239881;;street
Крестиново;54.074946;27.781126;Мінскі раён;settlement
Крестовая аллея;53.969271;27.603783;;street
Кривичская улица;53.964212;27.595101;;street
2-й Кривичский переулок;53.963802;27.594161;;street
Кривое Село;54.031729;27.223148;Мінскі раён;settlement
Криницы;54.092956;27.317226;Мінскі раён;settlement
Криничная улица;53.966585;27.670638;;street
Криничный переулок;53.986141;27.610715;;street
Крички;54.073940;27.227301;Мінскі раён;settlement
улица Кропоткина;53.925760;27.562719;;street
Круглая улица;54.015081;27.417435;;street
Круглый переулок;53.892643;27.560971;;street
Кругляк;53.691163;27.567252;Мінскі раён;settlement
Крупецкая улица;53.940068;27.483150;;street
Крупица;53.679586;27.530671;Мінскі раён;settlement
улица Крупской;53.856841;27.630164;;street
улица Крупцы;53.936643;27.501688;;street
Крутая улица;54.051201;27.559084;;street
Крушиновая улица;53.945826;27.846064;;street
Крыжовка;53.947395;27.303623;Мінскі раён;settlement
Крыжовская улица;53.935752;27.439750;;street
2-й переулок Крыловича;53.943563;27.592820;;street
Крылово;53.970989;27.204710;Мінскі раён;settlement
Ксаверово;53.759960;27.849569;Мінскі раён;settlement
Кубанская улица;53.902461;27.627153;;street
Кузнечная улица;53.876185;27.438256;;street
переулок Кузьмы Минина;53.870957;27.505790;;street
переулок Кузьмы Чорного;53.926054;27.605273;;street
улица Куйбышева;53.913015;27.567804;;street
Кукелевщина;54.220954;27.389575;Мінскі раён;settlement
улица Кулешова;53.868964;27.635043;;street
улица Кулибина;53.880901;27.495590;;street
улица Кульман;53.926197;27.573354;;street
Культурная улица;53.966225;27.750353;;street
улица Кунцевщина;53.910677;27.436383;;street
Купалинская улица;54.011417;27.427492;;street
Купаловская улица;53.913582;27.748800;;street
Купаловский проезд;53.788878;27.579103;;street
Купальская улица;54.000489;27.327827;;street
Купеческая улица;53.787519;27.727719;;street
улица Куприянова;53.898622;27.518940;;street
Курганная улица;53.855296;27.455847;;street
Курганы;54.190120;27.361785;Мінскі раён;settlement
Курковичи;53.723584;27.466989;Мінскі раён;settlement
Курневичи;54.188690;27.390631;Мінскі раён;settlement
улица Курсанта Гвишиани;53.951603;27.719172;;street
улица Курчатова;53.836746;27.470671;;street
Кустарный переулок;53.952397;27.420140;;street
улица Кутузова;53.934106;27.625707;;street
Куты;54.059219;27.395300;Мінскі раён;settlement
Кэчевский переулок;53.938460;27.728250;;street
Лабенщина;54.029663;27.326588;Мінскі раён;settlement
Лавандовая улица;53.891621;27.747930;;street
Лагерная улица;53.996744;27.704748;;street
улица Лазарева;53.870529;27.676076;;street
переулок Лазо;53.871584;27.663449;;street
Лазуритовая улица;53.901830;27.810798;;street
Лазурная улица;53.948630;27.412403;;street
улица Ландера;53.839394;27.501820;;street
Лапоровичи;54.002090;27.382219;Мінскі раён;settlement
Лапоровичская улица;53.965875;27.505104;;street
Ларионовская улица;53.946591;27.752901;;street
улица Ларисы Александровской;53.950680;27.570451;;street
Латыговка;54.178051;27.411230;Мінскі раён;settlement
Лебединая улица;53.903909;27.304108;;street
Лебединец;53.770779;27.803740;Мінскі раён;settlement
улица Левкова;53.881915;27.556221;;street
улица Лейтенанта Кижеватова;53.836414;27.533379;;street
Лекоревка;54.157360;27.520500;Мінскі раён;settlement
Ленина;54.088275;27.357951;Мінскі раён;settlement
Ленинградская улица;53.893531;27.549956;;street
Ленинская улица;54.071919;27.697156;;street
улица Леонардо да Винчи;53.951879;27.666958;;street
улица Леонида Беды;53.929265;27.586403;;street
улица Леонида Левина;53.866000;27.530461;;street
улица Леонида Щемелёва;53.865289;27.558135;;street
Леонтьевичи;53.779195;27.496628;Мінскі раён;settlement
Лепельская улица;53.962947;27.531824;;street
улица Лермонтова;53.894250;27.512880;;street
улица Леси Украинки;53.928381;27.503677;;street
Лесины;54.113760;27.544790;Мінскі раён;settlement
Лесковка;53.996391;27.720961;Мінскі раён;settlement
Лесная улица;53.954267;27.672246;;street
улица Лесная Долина;53.910710;27.793977;;street
Лесная тропа;53.970339;27.814831;;street
Лесной;54.006142;27.680403;Мінскі раён;settlement
улица Лесные Озёра;53.888661;27.740074;;street
Лесопарковая улица;53.903625;27.665952;;street
улица 50 лет БССР;53.950662;27.775243;;street
улица 70 лет Октября;53.822146;27.514684;;street
улица 50 лет Победы;53.948307;27.719469;;street
2-й Летний переулок;53.874627;27.681169;;street
Летняя улица;53.873693;27.669749;;street
Лецковщина;53.799928;27.425954;Мінскі раён;settlement
улица Лещинского;53.917734;27.449651;;street
Либаво-Роменская улица;53.872272;27.562333;;street
Лидская улица;53.920859;27.437996;;street
улица Лизы Чайкиной;53.864358;27.650667;;street
улица Лилии Карастояновой;53.931719;27.565783;;street
Линейная улица;53.944877;27.428697;;street
Линейный переулок;53.888500;27.546610;;street
Линейный тупик;53.942681;27.432581;;street
6-я линия;53.970191;27.810688;;street
Липени;54.084418;27.199445;Мінскі раён;settlement
Липковская улица;53.917265;27.693952;;street
Липковский переулок;53.920602;27.704320;;street
Липовая улица;53.969604;27.577162;;street
Липовая аллея;53.961702;27.579909;;street
Липовая Колода;53.921592;27.880396;Мінскі раён;settlement
Лисицы;54.102428;27.269609;Мінскі раён;settlement
Лисовщина;53.875919;27.094090;Мінскі раён;settlement
Лиственная улица;53.741724;27.488291;;street
Литературная улица;53.942983;27.596957;;street
Литературный переулок;53.943287;27.596399;;street
Лихачи;53.961358;27.129882;Мінскі раён;settlement
улица Лобанка;53.884146;27.430686;;street
Логойская улица;53.994195;27.674305;;street
Логойский тракт;53.959403;27.626031;;street
улица Логойский заезд;54.082079;27.780874;;street
Ложинская улица;53.947120;27.685751;;street
Лозки;53.672390;27.486525;Мінскі раён;settlement
улица Лойко;53.742968;27.487137;;street
переулок Ломоносова;53.932811;27.595130;;street
Ломшино;54.101182;27.313717;Мінскі раён;settlement
улица Лопатина;53.952691;27.681555;;street
Лошаны;54.040337;27.299250;Мінскі раён;settlement
2-я улица Лошица;53.853592;27.533111;;street
Лошицкая улица;53.846495;27.578054;;street
Лошицкий переулок;53.845885;27.579853;;street
Луговая улица;53.882110;27.570486;;street
Луговая Слобода;53.782692;27.837265;Мінскі раён;settlement
Луговой переулок;53.882132;27.569700;;street
Лукаши;53.900982;27.051001;Мінскі раён;settlement
улица Лукьяновича;53.945416;27.596324;;street
Лунная улица;53.947111;27.406404;;street
Лусково;54.090347;27.550905;Мінскі раён;settlement
Лучайская улица;53.954292;27.588022;;street
Лысая Гора;54.178274;27.552286;Мінскі раён;settlement
Лысовичи;54.156761;27.481359;Мінскі раён;settlement
улица Льва Сапеги;53.876744;27.494532;;street
улица Льва Толстого;53.885966;27.550097;;street
Любанская улица;53.849350;27.550407;;street
Любимая улица;53.991531;27.694261;;street
проспект Любимова;53.862323;27.458520;;street
Люцинская улица;53.932894;27.439767;;street
Лясная 10;54.147582;27.553553;;street
Ляхи;53.914550;27.109620;Мінскі раён;settlement
улица Ляховича;54.037526;27.400425;;street
Ляховичская улица;53.918618;27.774413;;street
Ляховщина;53.926525;27.256960;Мінскі раён;settlement
Магистральная улица;53.737409;27.525969;;street
Магнитная улица;53.868468;27.679838;;street
Магнитный переулок;53.868798;27.675781;;street
Мазинская улица;53.932992;27.811225;;street
улица Мазурова;53.895386;27.408596;;street
переулок Майкова;53.875309;27.535930;;street
Майская улица;53.935774;27.415788;;street
Майский переулок;53.936100;27.414461;;street
переулок Макаёнка;53.914670;27.620733;;street
улица Макаренко;53.817578;27.584086;;street
переулок Максима Богдановича;53.949595;27.589278;;street
улица Максима Горецкого;53.874788;27.465332;;street
улица Максима Лужанина;53.858763;27.547615;;street
улица Максима Танка;53.907590;27.533987;;street
улица Малакович;53.874786;27.444305;;street
Малахитовая улица;53.901811;27.817870;;street
Малашки;53.870736;27.211446;Мінскі раён;settlement
Малая улица;53.873721;27.517202;;street
Малая Борздынь;53.990778;27.169523;Мінскі раён;settlement
улица Малинина;53.855916;27.625878;;street
Малиновая улица;53.822143;27.510338;;street
Малиновка;53.841529;27.457644;Мінскі раён;settlement
Малиновская улица;54.000731;27.661240;;street
Малиновый переулок;53.923317;27.878775;;street
улица Малое Стиклево;53.883263;27.678376;;street
Малосеребрянская улица;53.877213;27.575146;;street
Малофеевская улица;53.965134;27.596294;;street
Малый переулок;53.872963;27.518287;;street
переулок Малый Тростенец;53.838999;27.714974;;street
Малявки;53.912048;27.048771;Мінскі раён;settlement
улица Маневича;53.965132;27.638210;;street
улица Манхэттен;53.990641;27.178377;;street
улица Марата;53.862629;27.565284;;street
улица Марата Казея;53.781265;27.836186;;street
улица Маргелова;53.880495;27.889111;;street
улица Марины Молокович;53.934745;27.761832;;street
Мариполь;53.727201;27.414478;Мінскі раён;settlement
улица 8 Марта;53.780955;27.838678;;street
Марусинская улица;53.952486;27.532263;;street
2-й Марусинский переулок;53.953937;27.531594;;street
улица Маршала Лосика;53.873387;27.456110;;street
Марьевская улица;53.906245;27.585267;;street
Марьяливо;54.040746;27.661776;Мінскі раён;settlement
Марьяливо КИЗ;54.035255;27.676538;Мінскі раён;microdistrict
Масловичи;54.097988;27.501413;Мінскі раён;settlement
улица Масюковщина;53.936585;27.429709;;street
Матвеевская улица;53.895992;27.528731;;street
улица Матросова;53.878430;27.512053;;street
улица Матусевича;53.915748;27.494845;;street
Мацевичи;53.784000;27.720909;Мінскі раён;settlement
Мацки;54.083550;27.332180;Мінскі раён;settlement
Мачулищи;53.781079;27.593869;Мінскі раён;settlement
улица Мачульского;53.878966;27.443013;;street
проспект Машерова;53.910659;27.577874;;street
улица Машинистов;53.866409;27.515050;;street
улица Машиностроителей;53.853377;27.674374;;street
переулок Маяковского;53.855162;27.571485;;street
улица Медвежино;53.894238;27.469583;;street
Медвежино (XCO);53.890132;27.473062;;street
Медовая;54.033912;27.631105;;street
2-й Медовый переулок;53.921497;27.884234;;street
улица Мележа;53.940814;27.598199;;street
Мелиоративная улица;53.941499;27.591514;;street
Мелиоративный переулок;53.941873;27.593725;;street
улица Мельникайте;53.910930;27.544173;;street
Мельничная улица;53.790287;27.449568;;street
Мельничная дорога;53.855451;27.580122;;street
1-й Мельничный переулок;53.872266;27.578100;;street
Мемориальный зал;53.908417;27.574593;;street
улица Менделеева;53.904281;27.611651;;street
улица Менки;53.825147;27.331998;;street
Меньковский тракт;53.854649;27.430413;;street
улица Мержинского;53.926049;27.609114;;street
1-й переулок Металлистов;53.910431;27.636574;;street
Металлургическая улица;53.778902;27.642544;;street
Метково;54.013172;27.198601;Мінскі раён;settlement
улица Механизаторов;54.004871;27.278359;;street
2-я Механизаторская улица;53.817864;27.523092;;street
Мидровщина;54.157532;27.306860;Мінскі раён;settlement
Миколаевская улица;53.964317;27.506497;;street
Микулино;53.887127;27.123312;Мінскі раён;settlement
улица Микулича;53.965992;27.535740;;street
Милая улица;53.912555;27.780827;;street
Минская улица;53.953863;27.512547;;street
Минский переулок;53.992242;27.272301;;street
проспект Мира;53.872166;27.548984;;street
улица Мирзы Пулатова;53.763857;27.628256;;street
Мирная улица;53.936376;27.538456;;street
Мирный переулок;53.986996;27.611006;;street
Мировая улица;53.990973;27.644924;;street
улица Мирошниченко;53.957391;27.604861;;street
улица Мирутки;53.831285;27.528912;;street
улица Михаила Миля;53.957787;27.662132;;street
улица Михаила Пташука;53.836080;27.594953;;street
улица Михаила Савицкого;53.860492;27.548518;;street
улица Михайлов Кут;53.959400;27.815260;;street
улица Михайлова;53.908750;27.584543;;street
Михайловский переулок;53.894030;27.551468;;street
4-й переулок Михалово;53.873162;27.478425;;street
Михаловская улица;53.874468;27.479228;;street
Михановичи;53.755420;27.729060;Мінскі раён;settlement
улица Михася Лынькова;53.926106;27.503532;;street
улица Михася Чарота;53.932901;27.729358;;street
улица Мицкевича;53.887339;27.201149;;street
улица Мичурина;53.863634;27.657939;;street
Мичуринская улица;53.960744;27.268547;;street
улица Мишаева;53.790131;27.579673;;street
МКАД-2;54.054685;27.699324;;street
МКАД — Городище — Старое Село;53.878018;27.267033;;street
МКАД, 7-й километр;53.884086;27.695681;;street
Много завалов;53.963740;27.234243;;street
Могилёвская улица;53.885469;27.556399;;street
улица Можайского;53.940763;27.581121;;street
Мозырская улица;53.937151;27.550511;;street
Мозырский переулок;53.937353;27.551694;;street
Молодёжная улица;54.084372;27.565365;;street
Молодёжная аллея;53.921260;27.617429;;street
Молодёжный переулок;53.808067;27.662565;;street
Молодеченская улица;54.026241;27.261693;;street
Молодечненская улица;53.926479;27.413094;;street
улица Молодогвардейцев;53.950982;27.774068;;street
Молочный переулок;53.889229;27.538048;;street
Монетная улица;53.989769;27.722387;;street
Монетный переулок;53.989183;27.722435;;street
улица Монтажников;53.872286;27.406155;;street
улица Морской Бриз;53.946203;27.329388;;street
улица Морской Риф;53.947244;27.333652;;street
улица Москвина;53.913669;27.526227;;street
Московская улица;53.888921;27.539108;;street
Московский переулок;53.944986;27.789142;;street
Московское шоссе, 9-й км;53.965162;27.741329;;street
Мостовая улица;54.038599;27.397690;;street
Мототрасса «Каньон»;53.862334;27.767886;;street
Мочулище;54.098740;27.641520;Мінскі раён;settlement
Музыкальный переулок;53.904852;27.558741;;street
Музычная улица;53.901154;27.786819;;street
бульвар Мулявина;53.914617;27.585479;;street
Мядельская улица;54.059278;27.562750;;street
улица Мясникова;53.894398;27.541613;;street
Мястровская улица;53.934819;27.470851;;street
Мінск Пасажырскі;53.891871;27.545306;;street
Набережная улица;53.931865;27.536761;;street
Набережная «Дрозды»;53.945340;27.461336;;street
набережная Воинов-интернационалистов;53.911567;27.554490;;street
Набережный переулок;54.034960;27.431726;;street
Навуковая улица;53.929338;27.669759;;street
Нагорная улица;53.896952;27.587843;;street
Нагорный переулок;53.895415;27.583340;;street
Надежденская улица;53.846089;27.390380;;street
Надеждинская улица;53.881160;27.564813;;street
улица Надежды;53.789532;27.458285;;street
улица Надежды Моисеевой;53.845244;27.583577;;street
Наклонная улица;53.885166;27.656036;;street
2-й Наклонный переулок;53.885645;27.654090;;street
Налибокская улица;53.927132;27.437279;;street
улица Наполеона Орды;53.842814;27.479416;;street
Народная улица;53.871319;27.633817;;street
Нарочанская улица;53.930890;27.477634;;street
Насыпь заброшенной узкоколейки;53.942217;27.797613;;street
улица Натуралистов;53.928348;27.617752;;street
улица Нахимова;53.884854;27.597843;;street
Начало дорог Беларуси;53.902216;27.561890;;street
Небесная улица;53.950007;27.668258;;street
Невский переулок;53.877620;27.519718;;street
Недреска;54.035134;27.286397;Мінскі раён;settlement
улица Неждановой;53.941352;27.576728;;street
проспект Независимости;53.961444;27.732929;;street
переулок Некрасова;53.938665;27.576731;;street
улица Некрашевича;53.851412;27.494683;;street
Нелидовичи;54.033060;27.502935;Мінскі раён;settlement
Нёманская улица;53.913607;27.426788;;street
Нёманский переулок;53.904622;27.776788;;street
улица Немига;53.906753;27.555762;;street
Несвижская улица;53.840869;27.643171;;street
улица Нестерова;53.885051;27.685914;;street
Нефтяная улица;53.873446;27.553633;;street
Нефтяной переулок;53.873213;27.551882;;street
Нижняя улица;53.945123;27.818687;;street
Нижняя Боровая улица;53.967517;27.671790;;street
Нижняя Луговая улица;53.971252;27.673309;;street
Низкая улица;53.965803;27.672948;;street
1-й переулок Никитина;53.949875;27.587104;;street
улица Никифорова;53.941328;27.697449;;street
Николаевская улица;53.946253;27.749137;;street
улица Николая Борисевича;53.962869;27.556226;;street
улица Николая Камова;53.964647;27.656960;;street
улица Николая Михайлашева;53.957784;27.673015;;street
улица Николы Теслы;53.868690;27.547234;;street
Никольская улица;53.996887;27.641128;;street
улица Ничипорович;53.940298;27.777802;;street
Новаторская улица;53.936199;27.559662;;street
Новаторский проезд;53.935314;27.557110;;street
улица Новаш;54.050531;27.275527;;street
Новашино;54.046796;27.272174;Мінскі раён;settlement
Новая улица;53.848159;27.715498;;street
Новая Боровая;53.957509;27.660339;;microdistrict
Новая Вёска;53.837249;27.351200;Мінскі раён;settlement
Новгородская улица;53.939608;27.610299;;street
Новгородский переулок;53.940211;27.611675;;street
Новинка;54.049923;27.391391;Мінскі раён;settlement
Новинковская улица;53.958706;27.541588;;street
Нововиленская улица;53.953131;27.514985;;street
Нововиленский переулок;53.930102;27.537825;;street
Новогрудская улица;53.952226;27.797864;;street
Новодворщина;53.990009;27.181738;Мінскі раён;settlement
Новое Дроздово;53.991493;27.634835;;microdistrict
Новое Поле;53.971329;27.126923;Мінскі раён;settlement
Новопоселковая улица;54.061550;27.559826;;street
Новопоселковый переулок;54.002409;27.566182;;street
Новосёлки;54.081394;27.701225;Мінскі раён;settlement
Новоселье;53.915458;27.196663;Мінскі раён;settlement
Новосельская улица;54.001196;27.719387;;street
Новосельский переулок;53.855584;27.567648;;street
Новоуфимская улица;53.880803;27.554967;;street
Новый переулок;53.993580;27.270113;;street
Новый Двор;54.128714;27.349332;Мінскі раён;settlement
улица Ногина;53.894983;27.540693;;street
Облачная улица;53.905038;27.816564;;street
Облачный переулок;53.903921;27.815565;;street
Обойная улица;53.906235;27.545610;;street
Обойный переулок;53.907300;27.545350;;street
Обуховская улица;53.882207;27.508998;;street
3-й Обуховский переулок;53.880818;27.507305;;street
Обчак;53.816310;27.810934;Мінскі раён;settlement
Объездная линия;53.974694;27.832362;;street
Овражная улица;54.062491;27.263779;;street
улица Огарёва;53.870881;27.658667;;street
улица Огинского;53.927767;27.671311;;street
Огородницкая улица;53.949432;27.512352;;street
Одесская улица;53.872994;27.657594;;street
Одесский переулок;53.876373;27.659604;;street
улица Одинцова;53.899114;27.461465;;street
улица Одоевского;53.902947;27.496440;;street
Ожики;54.225517;27.360508;Мінскі раён;settlement
Озёрная улица;53.933779;27.544983;;street
Озёрный переулок;53.942198;27.488841;;street
Озерцо;53.840811;27.393046;Мінскі раён;settlement
Околица;54.055735;27.753926;Мінскі раён;settlement
Окольная улица;53.945764;27.811299;;street
Окольный переулок;53.983975;27.847113;;street
улица Окрестина;53.880048;27.503261;;street
Окружная улица;53.968571;27.862007;;street
Окружная аллея;53.920828;27.616394;;street
Окружной проезд;53.835397;27.636543;;street
Октябрьская улица;53.890786;27.572492;;street
Октябрьский переулок;54.007076;27.670804;;street
улица Олега Кошевого;53.886543;27.608314;;street
улица Олешева;53.944954;27.608329;;street
Олимпийская улица;53.908452;27.307995;;street
Олимпийский переулок;53.908827;27.309329;;street
Ольховая улица;53.959730;27.536021;;street
Ольшанская улица;53.864808;27.427212;;street
переулок Ольшевского;53.914065;27.509409;;street
улица Омельянюка;53.876137;27.649242;;street
переулок Опанского;53.905474;27.531320;;street
Опытная улица;53.999566;27.722687;;street
Опытный;53.993759;27.694103;Мінскі раён;settlement
Оранжерейная улица;53.883855;27.567192;;street
улица Орджоникидзе;53.869336;27.661543;;street
Ореховая улица;53.991990;27.616430;;street
Ореховская;53.820911;27.279230;Мінскі раён;settlement
Орловская улица;53.929578;27.525929;;street
8-й Орловский переулок;53.932892;27.561117;;street
Оршанская улица;53.933474;27.548198;;street
Оршанский проезд;53.930956;27.550608;;street
Освейская улица;53.967035;27.577891;;street
улица Освобождения;53.906120;27.547414;;street
Осеевка;53.765869;27.650080;Мінскі раён;settlement
2-й Осенний переулок;53.877523;27.677943;;street
Осенняя улица;53.877291;27.675697;;street
улица Осипенко;53.926090;27.553254;;street
Осиповичская улица;53.849634;27.539876;;street
улица Основателей;53.939865;27.725434;;street
Осово;54.019578;27.499904;Мінскі раён;settlement
улица Острожских;53.877521;27.475739;;street
Острошицкая улица;53.954039;27.688960;;street
Острошицкий Городок;54.066355;27.698741;Мінскі раён;settlement
Отличная улица;53.913720;27.771751;;street
Отрадная улица;53.948942;27.408230;;street
Охотская улица;53.870322;27.674769;;street
Охотский переулок;53.869753;27.673117;;street
Ошмянский переулок;53.965541;27.513230;;street
улица Павла Масленикова;53.955936;27.561480;;street
улица Павла Шпилевского;53.845960;27.564858;;street
улица Павлины Мeдёлки;53.968592;27.551210;;street
улица Павлины Медёлки;53.960076;27.552445;;street
улица Павлова;53.933195;27.545201;;street
улица Павловского;53.827859;27.757474;;street
улица Павлюка Труса;53.921818;27.644051;;street
Падсады;53.928474;27.150534;Мінскі раён;settlement
Паздерки;53.667610;27.644950;Мінскі раён;settlement
улица Панасюка;53.932014;27.769818;;street
Панская улица;53.886069;27.192704;;street
Панский переулок;53.867839;27.301950;;street
Пантелеймоновская улица;53.781200;27.604535;;street
улица Панфилова;53.913598;27.523927;;street
улица Папанина;53.885503;27.518994;;street
Паперня;54.037585;27.564996;Мінскі раён;settlement
Папернянская улица;53.969520;27.573744;;street
Папернянский переулок;53.969087;27.571588;;street
Парашютная улица;53.885733;27.521588;;street
Парковая улица;53.913476;27.534317;;street
улица Парковая Аллея;54.026893;27.439972;;street
Парковый переулок;54.037913;27.388247;;street
Парниковая улица;53.920966;27.627596;;street
3-й Парниковый переулок;53.918504;27.644230;;street
Паровозный переулок;53.867436;27.513575;;street
Партизанская улица;53.860214;27.560815;;street
Партизанский проспект;53.844703;27.712877;;street
улица Пархоменко;53.927636;27.547038;;street
улица Пастернацкого;53.679759;27.519443;;street
переулок Пастушьей сумки;53.977146;27.845951;;street
Пасхальный переулок;53.913938;27.755976;;street
Пашковичи;53.804142;27.615193;Мінскі раён;settlement
Пензенская улица;53.875240;27.546051;;street
Первая улица;54.017438;27.631653;;street
Первая аллея;53.943688;27.295835;;street
Первая линия;53.951912;27.299728;;street
Первомайская улица;53.901774;27.577874;;street
Первомайский переулок;54.009299;27.277413;;street
Первый переулок;53.870108;27.695168;;street
Передовая улица;53.899229;27.621864;;street
Передовой переулок;53.901300;27.626760;;street
Пересека;53.734252;27.590317;Мінскі раён;settlement
Переходная улица;53.886768;27.653826;;street
1-й Переходный переулок;53.886137;27.654270;;street
Перламутровая улица;53.901817;27.812870;;street
Пермская улица;53.880396;27.494902;;street
Пермский переулок;53.879220;27.494997;;street
Перспективная улица;53.932700;27.355443;;street
2-я Песочная улица;53.935642;27.718213;;street
Песчаная улица;54.076822;27.765577;;street
Песчаный переулок;53.749086;27.733788;;street
улица Петра Глебки;53.925957;27.478026;;street
улица Петра Мстиславца;53.928990;27.653792;;street
Петришки;54.070382;27.218591;Мінскі раён;settlement
Петровская улица;53.864191;27.489224;;street
Петровский переулок;53.949309;27.745537;;street
улица Петровщина;53.867586;27.494232;;street
улица Петруся Бровки;53.919804;27.593092;;street
Петьковичи;54.171520;27.356560;Мінскі раён;settlement
Печатная улица;53.941848;27.358752;;street
Печатный переулок;53.941283;27.357589;;street
Пигасово;53.869060;27.239060;Мінскі раён;settlement
Пилотная улица;53.953245;27.659513;;street
Пилотская улица;53.859969;27.563482;;street
Пильница;54.059654;27.582947;Мінскі раён;settlement
Пильницкая улица;53.966667;27.505358;;street
улица Пимена Панченко;53.884349;27.417528;;street
Пинская улица;53.906354;27.516384;;street
Пионерская улица;53.939424;27.485896;;street
1-й переулок Пирогова;53.846740;27.553468;;street
Планёрная улица;53.891317;27.597676;;street
Планетная улица;53.844006;27.398929;;street
улица Платонова;53.914782;27.603948;;street
Плебанцы;53.750271;27.593714;Мінскі раён;settlement
улица Плеханова;53.867979;27.621516;;street
Площадка авиации;54.057268;27.292825;;street
Площадка инженерной техники;54.056766;27.294352;;street
Площадка ПВО;54.057057;27.294807;;street
проспект Победителей;53.950052;27.447274;;street
площадь Победы;53.908290;27.574280;;street
Повднёвая улица;53.886200;27.278434;;street
Повночная улица;53.888745;27.273465;;street
Повночный переулок;53.784919;27.419840;;street
Пограничная улица;53.631594;27.561679;;street
Пограничное Дворище;54.204479;27.310810;Мінскі раён;settlement
Подгай;53.783361;27.450642;Мінскі раён;settlement
Подгайская улица;53.782590;27.431186;;street
Подгорная улица;53.937326;27.724102;;street
Подгорный переулок;53.905322;27.303015;;street
Подгорье;53.937431;27.292677;Мінскі раён;settlement
Поддубная улица;53.917417;27.196362;;street
Поддубный переулок;53.915360;27.197480;;street
улица Подкова;53.956606;27.809252;;street
Подлесная улица;53.923413;27.665260;;street
Подлесный переулок;53.984744;27.619554;;street
Подлесская улица;53.961660;27.275320;;street
Подлосье;53.840157;27.670349;Мінскі раён;settlement
Подольная улица;54.061346;27.261733;;street
Подольская улица;53.950379;27.581311;;street
3-й Подольский переулок;53.946892;27.577724;;street
Подшипниковый проезд;53.864977;27.627777;;street
Пожарная улица;53.884822;27.568886;;street
улица Пожарского;53.882044;27.671555;;street
Покровская улица;53.940124;27.491273;;street
Покровский переулок;53.942997;27.486695;;street
Полевая улица;53.875241;27.581528;;street
улица Полеводов;54.015003;27.742125;;street
Полевой переулок;53.877038;27.569510;;street
Полесская улица;53.883088;27.569534;;street
переулок Ползунова;53.867781;27.514820;;street
Полиграфическая улица;53.946904;27.609436;;street
1-й Полиграфический переулок;53.947337;27.607912;;street
Полоцкая улица;53.900221;27.775614;;street
Полоцкий переулок;53.886527;27.551088;;street
Полтавская улица;53.860437;27.564172;;street
Полярная улица;53.920491;27.678583;;street
Поморская улица;54.003611;27.406255;;street
улица Пономарёва;53.946848;27.708310;;street
улица Пономаренко;53.893707;27.488646;;street
улица Попова;53.871236;27.511968;;street
Поповичи;53.810180;27.346690;Мінскі раён;settlement
2-я Поселковая улица;53.943533;27.600537;;street
3-й Поселковый переулок;53.946333;27.595319;;street
Последний путь;53.840081;27.736812;;street
Поставская улица;53.953601;27.587960;;street
Почтовая улица;53.941822;27.704123;;street
Праздничная улица;53.764623;27.682276;;street
Праздничная аллея;53.918375;27.616505;;street
Праменистая улица;53.906713;27.803262;;street
улица Пржевальского;53.867625;27.665505;;street
Прибрежная улица;54.004171;27.445420;;street
Привабная улица;53.899659;27.469809;;street
Приветливая улица;53.955515;27.507724;;street
Привокзальная площадь;53.890989;27.553612;;street
Привокзальный переулок;54.004492;27.278587;;street
Привольная улица;53.841134;27.454119;;street
Привольный;53.795464;27.795746;Мінскі раён;settlement
Пригожая улица;53.773564;27.604472;;street
Пригородная улица;53.940635;27.557016;;street
Придорожная улица;53.941557;27.435383;;street
Прилесная улица;53.961612;27.515704;;street
Прилесный переулок;53.976044;27.507931;;street
Прилесская улица;53.815636;27.757172;;street
Прилесье;53.815914;27.759244;Мінскі раён;settlement
Прилуки;53.793823;27.454811;Мінскі раён;settlement
Прилукская улица;53.886514;27.499983;;street
Прилукская Слобода;53.817429;27.465234;Мінскі раён;settlement
2-й Прилукский переулок;53.881578;27.486231;;street
Прилучки;53.784502;27.411126;Мінскі раён;settlement
Приморская улица;54.006023;27.331720;;street
Приморский переулок;54.018498;27.424082;;street
Приморье;53.991587;27.484053;Мінскі раён;settlement
Приозёрная улица;53.931460;27.725151;;street
Приозёрный переулок;53.980598;27.831962;;street
Припятская улица;53.903874;27.778362;;street
Припятский переулок;53.903239;27.781474;;street
Припяць;53.931134;27.690726;;street
улица Притыцкого;53.910123;27.503967;;street
улица Программистов;53.925352;27.694193;;street
Прогрессивная улица;53.920183;27.548992;;street
Прогулочная аллея;53.923007;27.618672;;street
Прогулочная кольцевая аллея;53.858842;27.574297;;street
Проектируемая улица;53.932207;27.378623;;street
Проектная улица;54.024429;27.437093;;street
Пролетарская улица;54.062876;27.694835;;street
Промысловая улица;53.840104;27.455506;;street
Промышленная улица;53.850093;27.680723;;street
Промышленный переулок;53.835352;27.686487;;street
промышленный узел «Колядичи»;53.810058;27.584953;;microdistrict
Проскуровщина;53.830238;27.304992;;microdistrict
Просторная улица;53.911342;27.761852;;street
улица Протасевича;53.946312;27.747378;;street
Профсоюзная улица;53.810921;27.579078;;street
Профсоюзный проезд;53.810497;27.581361;;street
Прудище;54.040722;27.332010;Мінскі раён;settlement
Прудовая улица;53.943000;27.803760;;street
улица Прушинских;53.837363;27.568855;;street
Прямая улица;53.878827;27.509955;;street
Псковская улица;53.936598;27.621655;;street
Птичская улица;53.892288;27.338224;;street
Птичский переулок;53.891593;27.336917;;street
Птичь;53.862450;27.323509;Мінскі раён;settlement
Пугачёвская улица;53.915164;27.575973;;street
улица Пулихова;53.897502;27.578649;;street
Пунище;54.167525;27.550016;Мінскі раён;settlement
улица Пунтуса;53.817518;27.520907;;street
улица Путейко;53.999016;27.278938;;street
Путейная улица;53.821283;27.468155;;street
Путейская улица;53.878767;27.519233;;street
Путейский переулок;53.875911;27.519817;;street
2-й Путепроводный переулок;53.923768;27.499411;;street
улица Путилова;53.956637;27.739119;;street
Путники;54.085397;27.315933;Мінскі раён;settlement
Путь древних лесов;53.911706;27.612965;;street
Путь легенд и преданий;53.912673;27.613544;;street
Путь целебных трав;53.911249;27.613997;;street
Пухляки;54.131694;27.327949;Мінскі раён;settlement
Пуховичская улица;53.848708;27.546733;;street
проспект Пушкина;53.898385;27.497401;;street
Пчелиная улица;53.820824;27.361007;;street
Пшеничная улица;53.993915;27.718667;;street
Пятая улица;53.976198;27.265099;;street
Пятая линия;53.942571;27.283653;;street
Пятевщина;53.698094;27.514830;Мінскі раён;settlement
Рабкоровская улица;53.888729;27.541746;;street
Рабочая улица;53.943730;27.428469;;street
Рабочий переулок;53.886087;27.588425;;street
Рабушки;54.071156;27.382326;Мінскі раён;settlement
Рабінавы квартал;53.961883;27.654892;;microdistrict
Равкутевичи;54.164581;27.370266;Мінскі раён;settlement
Радиальная улица;53.895138;27.643560;;street
1-я Радиаторная улица;53.923017;27.491999;;street
4-й Радиаторный переулок;53.923469;27.495631;;street
улица Радистов;53.791920;27.452504;;street
улица Радищева;53.876778;27.544843;;street
Радошковская улица;53.936584;27.434553;;street
Радошковский переулок;53.936005;27.434152;;street
Радужная улица;53.935693;27.497476;;street
Радужная аллея;53.921970;27.616965;;street
Радужный переулок;53.920392;27.761131;;street
улица Радюка;53.941774;27.772683;;street
Разбита лесовозами, проезд невозможен. Только трактор.;54.028480;27.710892;;street
Разинская улица;53.883492;27.524273;;street
Разинский переулок;53.886991;27.527452;;street
улица Райский Куток;53.956332;27.813171;;street
Ракетная улица;53.943851;27.789643;;street
Раковская улица;53.905171;27.546241;;street
Рассветная улица;53.782738;27.394205;;street
Рассонская улица;53.969249;27.589803;;street
проезд Ратавальников;53.862441;27.488547;;street
Ратомка;53.937714;27.347450;Мінскі раён;settlement
Ратомская улица;53.942234;27.458543;;street
Раубичи;54.061632;27.769125;Мінскі раён;settlement
Раубичская улица;53.970073;27.593763;;street
Раубичский переулок;53.968865;27.592236;;street
улица Рафиева;53.859339;27.437485;;street
Рахманьки;54.026075;27.542507;Мінскі раён;settlement
Революционная улица;53.903166;27.553084;;street
Революционный переулок;53.933923;27.344717;;street
улица Репина;53.912599;27.525217;;street
Республиканская улица;53.927039;27.511623;;street
Речная улица;53.941394;27.490970;;street
Речной переулок;54.014012;27.282504;;street
Ржавецкая улица;53.939427;27.459028;;street
Ржавецкий переулок;53.939102;27.461676;;street
улица РИВВиТ;53.977419;27.447580;;street
Рижская улица;53.861298;27.527044;;street
2-й Рижский переулок;53.860303;27.528386;;street
Рогачёвская улица;53.959128;27.721078;;street
Рогачёвский проезд;53.873878;27.552510;;street
улица Рогнеды;53.996739;27.269002;;street
Рогово;54.125938;27.299650;Мінскі раён;settlement
Родниковая улица;53.918897;27.683613;;street
Родниковый переулок;54.015939;27.280698;;street
Рождественская улица;54.001062;27.607161;;street
Рождественский переулок;53.971616;27.553470;;street
улица Роз;53.994558;27.640222;;street
улица Розы Люксембург;53.892333;27.524547;;street
проспект Рокоссовского;53.852355;27.614248;;street
Романовская улица;53.949078;27.739294;;street
улица Романовская Слобода;53.903554;27.544777;;street
улица Романтиков;54.041812;27.660318;;street
улица Ромашкина;53.877365;27.898308;;street
Ромашковый переулок;53.800096;27.429688;;street
Роменская улица;53.865177;27.563513;;street
улица Ростислава Бойко;53.948334;27.406870;;street
улица Ротмистрова;53.838882;27.692642;;street
Рубиновая улица;53.922128;27.764391;;street
Рублёвая улица;53.991108;27.638654;;street
Рублёвская улица;53.913286;27.760191;;street
Рублёвский переулок;53.909482;27.766575;;street
Рудаки;53.924946;27.094759;Мінскі раён;settlement
Рудобельская улица;53.857968;27.631978;;street
Ружанская улица;53.816327;27.386863;;street
улица Румянцева;53.906604;27.575102;;street
улица Русановича;53.879986;27.471405;;street
Русиновичи;53.759313;27.479557;Мінскі раён;settlement
улица Руссиянова;53.942473;27.685023;;street
Ручейная улица;53.976840;27.499513;;street
улица Рыбалко;53.885642;27.594419;;street
Рыжики;53.878071;27.211519;Мінскі раён;settlement
улица Рылеева;53.932547;27.544913;;street
Рыночная улица;54.002884;27.291486;;street
Рябинницкая улица;53.962311;27.514229;;street
Рябиновая улица;53.882990;27.891150;;street
улица Савенко;54.182350;27.360769;;street
Садовая улица;53.944135;27.711826;;street
Садовый переулок;53.983478;27.611575;;street
Сады;54.140020;27.445990;Мінскі раён;settlement
Саевщина;54.077041;27.362803;Мінскі раён;settlement
Самарский переулок;53.887279;27.557797;;street
Самохваловичи;53.740215;27.503202;Мінскі раён;settlement
Самоцветная улица;53.899879;27.821924;;street
Самуэлево;53.643443;27.555732;Мінскі раён;settlement
улица Сапёров;53.922911;27.519218;;street
Сапфировая улица;53.901847;27.802532;;street
улица Сафронова;53.957673;27.779374;;street
Сахалинская улица;54.019855;27.427838;;street
улица Сацункевича;53.958415;27.777242;;street
улица Сборочная МТЗ;53.891276;27.627845;;street
улица Свердлова;53.885799;27.566904;;street
Светлая улица;53.934254;27.623260;;street
Светлый переулок;54.026645;27.630462;;street
Светлый Путь;54.061096;27.244837;Мінскі раён;settlement
Светская улица;53.780686;27.390117;;street
1-й Свирский переулок;53.938530;27.551347;;street
Свислочская улица;53.841322;27.673947;;street
Свислочский переулок;53.840331;27.680569;;street
Свободная улица;53.782733;27.807005;;street
площадь Свободы;53.904610;27.554131;;street
улица Связистов;53.913490;27.675348;;street
Святочная улица;53.748388;27.506777;;street
Севастопольская улица;53.941744;27.610035;;street
Севастопольский переулок;53.940012;27.612469;;street
Северная улица;53.925153;27.401990;;street
Северный переулок;53.897301;27.535376;;street
улица Седова;53.866320;27.663286;;street
улица Седых;53.947147;27.640924;;street
Сектор 3;53.891072;28.030106;;street
Селец;54.026980;27.379130;Мінскі раён;settlement
Селецкая улица;53.922850;27.362265;;street
улица Селицкого;53.836722;27.702606;;street
Селище;54.080173;27.398320;Мінскі раён;settlement
Сельская улица;53.915620;27.388052;;street
Селюты;54.039963;27.444448;Мінскі раён;settlement
Селявщина;54.030714;27.340855;Мінскі раён;settlement
улица Семашко;53.858494;27.492327;;street
улица Семёнова;53.870348;27.583830;;street
Семеновская улица;54.071898;27.666730;;street
Сёмков Городок;54.006527;27.468233;Мінскі раён;settlement
Сёмково;54.021211;27.439122;Мінскі раён;settlement
Сёмковская улица;53.944865;27.475901;;street
Сёмковский переулок;53.944042;27.470382;;street
Сеница;53.823878;27.527015;Мінскі раён;settlement
Сенницкая улица;53.874621;27.550987;;street
Сенницкий проезд;53.874058;27.550073;;street
улица 3 Сентября;53.902856;27.513122;;street
улица Серафимовича;53.887346;27.588783;;street
Серафимово;53.762154;27.683088;Мінскі раён;settlement
Сергеевская улица;53.951836;27.754491;;street
Сергеевский переулок;53.950145;27.755843;;street
улица Сергея Есенина;53.864702;27.427742;;street
Серебристая улица;53.906104;27.812165;;street
Серебрянская улица;53.878803;27.575882;;street
Серебрянский переулок;53.879002;27.577595;;street
улица Серебряный Лес;53.892975;27.746769;;street
Серединная улица;54.061686;27.263116;;street
улица Серова;53.843538;27.535212;;street
улица Сеченова;53.884399;27.666254;;street
1-й Силикатный переулок;53.894952;27.480210;;street
Синило;53.782459;27.736511;Мінскі раён;settlement
Синяя улица;53.969566;27.274822;;street
Сиреневая улица;53.936868;27.719615;;street
Сиреневый переулок;53.971413;27.550388;;street
Сказочная улица;53.995435;27.222551;;street
Скалинская улица;53.957160;27.539567;;street
Скориничи;53.807860;27.493800;Мінскі раён;settlement
Скориничская улица;53.817066;27.465334;;street
улица Скрипникова;53.888004;27.422154;;street
улица Скрыганова;53.912879;27.519117;;street
Скураты;54.002571;27.767170;Мінскі раён;settlement
улица Славинского;53.942994;27.632274;;street
Славная улица;53.992416;27.694883;;street
Славный переулок;53.910058;27.526599;;street
Славянская улица;53.933545;27.718581;;street
Славянский переулок;53.967061;27.664127;;street
5-й Слепнянский переулок;53.938731;27.632429;;street
Слесарная улица;53.900821;27.587714;;street
Слобода;54.205749;27.341927;Мінскі раён;settlement
Слободская улица;53.846184;27.467226;;street
Слободской проезд;53.850908;27.445329;;street
Слободщина;53.997799;27.817640;Мінскі раён;settlement
Слонимская улица;53.884268;27.542247;;street
Служебная улица;53.678228;27.496694;;street
Служебный проход;53.862442;27.512369;;street
Слуцкая улица;53.925081;27.361542;;street
улица Слуцкое шоссе;53.733348;27.515801;;street
Смиловичский тракт;53.838708;27.724827;;street
улица Смирнова;53.881090;27.510341;;street
Смолевичская улица;53.918801;27.774672;;street
Смоленская улица;53.891279;27.584533;;street
улица Смолячкова;53.910725;27.585841;;street
3-й Сморговский переулок;53.937025;27.557281;;street
Снежная улица;53.938273;27.810318;;street
Снежный переулок;53.900838;27.514957;;street
улица Собинова;53.950999;27.591524;;street
Советская улица;53.894371;27.542626;;street
Советский переулок;53.941793;27.340494;;street
Совхозная улица;53.860153;27.717459;;street
Сож;53.931638;27.692318;;street
Соколянский переулок;53.874605;27.580710;;street
Солнечная улица;53.863642;27.566587;;street
Солнечная аллея;53.922060;27.614419;;street
улица Солнечная Горка;53.939793;27.411743;;street
Солнечный переулок;53.955041;27.511489;;street
улица Солнечный Пляж;53.946889;27.330563;;street
Солнечный тупик;53.952030;27.417234;;street
Соловьиная улица;53.735917;27.657336;;street
Соловьиный переулок;53.940336;27.485234;;street
Соломенная улица;53.898082;27.584761;;street
Соломоречье;54.073200;27.468704;Мінскі раён;settlement
улица Солтыса;53.883068;27.656721;;street
Сонечная улица;54.032122;27.287409;;street
Сонечный;53.970281;27.619203;Мінскі раён;settlement
Сосненская улица;53.817233;27.753858;;street
Сосновая улица;53.909418;27.654958;;street
Сосновый переулок;53.920672;27.390598;;street
улица Сосновый Бор;53.967599;27.591705;;street
переулок Софьи Ковалевской;53.870683;27.514528;;street
Социалистическая улица;53.863193;27.660086;;street
улица Специалистов;53.783868;27.829055;;street
Спортивная улица;53.972058;27.532580;;street
Спортивная аллея;53.919951;27.619917;;street
Спортивный переулок;53.888177;27.542697;;street
Средняя;54.227315;27.401156;Мінскі раён;settlement
Средняя аллея;53.943290;27.294614;;street
Стадионная улица;53.936808;27.536138;;street
Стайковская улица;53.818006;27.752435;;street
улица Станислава Монюшко;53.843858;27.578924;;street
улица Станиславского;53.887691;27.592000;;street
Станционный переулок;53.812981;27.581743;;street
Станция Дегтярёвка;53.892953;27.348667;;settlement
Старина;53.948973;27.839440;Мінскі раён;settlement
Стариновская улица;53.937101;27.716469;;street
Старобинская улица;53.842529;27.641287;;street
Старовиленская улица;53.910048;27.556389;;street
Старовиленский тракт;53.934955;27.541734;;street
Старое шоссе;54.062889;27.603757;;street
Старое Село;53.888143;27.263602;Мінскі раён;settlement
Улица Старшего лейтенанта Дмитрия Федосюка;53.949277;27.545250;;street
улица Старые Новосёлки;54.080088;27.708850;;street
площадь Старый Аэропорт;53.870737;27.537217;;street
3-й переулок Стасова;53.888951;27.506756;;street
Стахановская улица;53.885305;27.610969;;street
Стахановский переулок;53.888670;27.605741;;street
улица Стебенёва;53.834382;27.554549;;street
Стекольный переулок;53.889280;27.534702;;street
улица Степана Злобина;53.921982;27.467791;;street
Степная улица;54.035201;27.635987;;street
Степной переулок;53.886453;27.546319;;street
Степянская улица;53.920463;27.677494;;street
улица Стефании Станюты;53.949980;27.581039;;street
Стефановская улица;53.950300;27.508113;;street
Столбуновичи;53.689010;27.553530;Мінскі раён;settlement
Столбцовская улица;53.836604;27.638347;;street
переулок Столетова;53.906533;27.620477;;street
Столичная улица;53.950254;27.511663;;street
Столичный проезд;53.950802;27.511094;;street
Сторожевая улица;53.983228;27.518843;;street
Сторожовская улица;53.910396;27.556597;;street
Стрелковая улица;53.888732;27.590956;;street
улица Строителей;53.870532;27.662852;;street
Строительная;54.035287;27.631163;;street
Строчица;53.820480;27.363939;Мінскі раён;settlement
Струговская улица;53.935933;27.441435;;street
Студенецкая улица;54.009825;27.263659;;street
Студенецкий переулок;54.008214;27.268760;;street
Студенческая улица;53.887235;27.551627;;street
Студенческий переулок;53.887075;27.550024;;street
Стукатичи;53.757140;27.420625;Мінскі раён;settlement
улица Суворова;53.936808;27.618383;;street
улица Судмалиса;53.891883;27.596758;;street
Суковичи;54.055561;27.359051;Мінскі раён;settlement
Суражская улица;53.886319;27.541687;;street
улица Сурганова;53.930447;27.579575;;street
улица Сурикова;53.868240;27.622383;;street
Сухаревская улица;53.886678;27.418750;;street
Сухая улица;53.902751;27.537285;;street
Сухорукие;53.940829;27.748528;Мінскі раён;settlement
сход к воде;53.815320;27.654122;;street
Счастливая улица;53.996848;27.719504;;street
Счастливый переулок;53.814053;27.511350;;street
улица Сымона Будного;54.000266;27.261213;;street
Таборы;53.894222;27.330917;Мінскі раён;settlement
Таёжная улица;53.894487;27.651750;;street
улица Талаша;53.883504;27.501546;;street
Таллинская улица;53.881900;27.515203;;street
Таллинский переулок;53.880438;27.515234;;street
улица Танкистов;53.942655;27.424193;;street
Танковая улица;53.919591;27.740597;;street
Танковая Эстакада;53.858392;27.741293;;street
Тарасово;53.924206;27.388199;Мінскі раён;settlement
Тарасовская улица;53.916954;27.401016;;street
Тарасовский проезд;53.922097;27.395885;;street
улица Тарханова;53.917347;27.529487;;street
Татарская улица;53.915901;27.524469;;street
Ташкентская улица;53.833785;27.631048;;street
Ташкентский проезд;53.838304;27.627947;;street
1-й Твёрдый переулок;53.907022;27.600995;;street
Тверская улица;53.914971;27.767726;;street
Тейки;53.983547;27.153896;Мінскі раён;settlement
Телеграфный переулок;53.886967;27.596783;;street
улица Тельмана;53.998569;27.299644;;street
Тенистая улица;53.936367;27.730510;;street
Тенистая аллея;53.853744;27.578796;;street
Тенистый переулок;53.918467;27.753626;;street
Тепличная улица;53.920126;27.646745;;street
Тепличный переулок;53.921218;27.643316;;street
улица Термическая МТЗ;53.890992;27.619065;;street
Территория бывшего капища;53.895682;27.569287;;street
Технический проезд;53.991606;27.698864;;street
улица Тикоцкого;53.953694;27.631732;;street
1-й переулок Тимирязева;53.918693;27.521084;;street
улица Тимошенко;53.896504;27.463077;;street
Тимошки;53.745628;27.432548;Мінскі раён;settlement
Тиражная улица;53.938158;27.596126;;street
2-й Тиражный переулок;53.939957;27.592272;;street
улица Титова;54.002865;27.277275;;street
Тихая улица;53.942911;27.487838;;street
Тихая аллея;53.922854;27.619988;;street
Тихий переулок;53.940782;27.485531;;street
Тихоновская улица;53.950073;27.758258;;street
Тобольский переулок;53.874163;27.678818;;street
Товарищеский переулок;53.903856;27.624044;;street
улица Толбухина;53.924634;27.615219;;street
Томская улица;53.873503;27.680302;;street
Томский переулок;53.871013;27.680058;;street
Тонелево;54.170437;27.319536;Мінскі раён;settlement
Топазовая улица;53.900325;27.824179;;street
Топографическая улица;53.947771;27.606524;;street
1-й Топографический переулок;53.946118;27.607004;;street
Тополиная улица;53.917297;27.398675;;street
Тополиный переулок;53.922700;27.882510;;street
Торговая улица;54.017020;27.422269;;street
Торговый переулок;53.875937;27.445604;;street
Торфяной переулок;53.921321;27.552934;;street
Травеньская улица;54.001121;27.271900;;street
Тракторная улица;53.820219;27.451111;;street
Тракторозаводская улица;53.956092;27.811683;;street
бульвар Тракторостроителей;53.888556;27.613351;;street
улица Транспортная МТЗ;53.895296;27.624823;;street
Транспортный переулок;53.899116;27.540110;;street
Трасса 62;53.965631;27.451835;;street
Трасса Вована;53.901848;27.760834;;street
Тресковщина;53.901932;27.078640;Мінскі раён;settlement
третье кольцо;53.856714;27.547041;;street
Третья улица;53.975311;27.263482;;street
Третья аллея;53.942773;27.293681;;street
Третья Линия;53.943444;27.285436;;street
Тринадцатая улица;54.019691;27.627449;;street
Триумфальная улица;53.957839;27.759162;;street
Троицкая улица;53.908286;27.780976;;street
Троицкая набережная;53.907616;27.555455;;street
Тропа для бега;53.900560;27.538335;;street
тропа у дома;54.046688;27.387431;;street
тропа Здоровья;53.966324;27.833622;;street
Тропа рыбака;53.944333;27.468428;;street
тропа через сад;54.047148;27.386546;;street
Тростенецкая улица;53.885667;27.584954;;street
1-й Трубный переулок;53.857943;27.533885;;street
Трудовая улица;53.864631;27.655197;;street
Трудовой переулок;54.067080;27.694731;;street
Тульская улица;53.946748;27.583213;;street
1-й Тульский переулок;53.945358;27.584707;;street
тупик Подгорный;53.935185;27.313582;;street
Тупиковая улица;53.938071;27.726944;;street
Тупиковый переулок;54.003646;27.559325;;street
улица Туполева;53.878049;27.894904;;street
Туполевская улица;53.773767;27.609485;;street
улица Тургенева;53.938469;27.586475;;street
Туровская улица;53.926919;27.759680;;street
улица Тухачевского;53.867027;27.633089;;street
Тучинский переулок;53.908689;27.529567;;street
улица Тышкевичей;53.881106;27.478060;;street
улица Тюленина;53.953381;27.778355;;street
улица Тяпинского;53.933075;27.724972;;street
улица Уборевича;53.849338;27.632921;;street
Угловая улица;53.973858;27.276244;;street
Углы;53.719478;27.485500;Мінскі раён;settlement
Угляны;54.104229;27.480070;Мінскі раён;settlement
Удачная улица;53.813214;27.517518;;street
Узборье;54.038396;27.719424;Мінскі раён;settlement
Узкая улица;53.784790;27.393893;;street
Узлесная улица;53.949925;27.805161;;street
Узлесный переулок;53.955286;27.818084;;street
Украинская улица;53.871534;27.649208;;street
улица Ульянова;53.952124;27.770457;;street
Ульяновская улица;53.897427;27.569202;;street
1-я Уманская улица;53.879465;27.493151;;street
Университетская улица;53.980606;27.664510;;street
Университетский проезд;53.933685;27.668677;;street
Уральская улица;53.904789;27.624097;;street
Уральский переулок;53.899086;27.604750;;street
Уровень 3;53.933956;27.482063;;street
Урожайная;53.797470;27.523237;Мінскі раён;settlement
Урожайный переулок;53.755436;27.443696;;street
Уручская улица;53.957694;27.688666;;street
Усадебная улица;53.955382;27.590298;;street
Усадебный переулок;53.964792;27.595331;;street
Успенская улица;53.681760;27.525073;;street
Утульная улица;53.899131;27.467686;;street
Уфимская улица;53.885296;27.548380;;street
Ученический переулок;53.884903;27.609958;;street
Учительская улица;53.913876;27.758888;;street
переулок Ушакова;53.871676;27.661859;;street
Ушачская улица;53.958720;27.530828;;street
Ушестинская улица;53.954385;27.800552;;street
Уютная улица;53.910681;27.785576;;street
улица Фабрициуса;53.888020;27.536073;;street
Фабричная улица;53.887180;27.586251;;street
2-й Фабричный переулок;53.887592;27.586174;;street
Фанипольская улица;53.885654;27.505996;;street
улица Федотова;53.861676;27.624676;;street
улица Фердинанда Рущица;53.923453;27.646667;;street
Фестивальная улица;54.072376;27.299206;;street
Физкультурная улица;53.867504;27.558377;;street
Физкультурный переулок;53.866306;27.559112;;street
улица Филатова;53.873959;27.633509;;street
улица Филимонова;53.907574;27.631338;;street
улица Флориана Ждановича;53.841921;27.580124;;street
улица Фогеля;53.959077;27.735222;;street
Фольварковый переулок;53.968769;27.594925;;street
Фольклорная улица;53.990549;27.277731;;street
1-й переулок Фомина;53.853606;27.521520;;street
площадь Франтишка Богушевича;53.896884;27.537630;;street
улица Франциска Скорины;53.925459;27.681176;;street
улица Фроликова;53.899977;27.614589;;street
Фруктовая улица;53.960260;27.268180;;street
улица Фрунзе;53.903840;27.576670;;street
Фрунзенская улица;53.925782;27.376838;;street
Фрунзенский переулок;53.993940;27.680983;;street
улица Фучика;53.886882;27.668126;;street
Хабаровская улица;53.872894;27.679601;;street
1-й переулок Халтурина;53.942605;27.571821;;street
Харьковская улица;53.896127;27.501725;;street
3-й Харьковский переулок;53.894671;27.478349;;street
Хатежино;53.910680;27.306860;Мінскі раён;settlement
Хвойная улица;53.977477;27.665983;;street
улица Хвойная Аллея;53.894429;27.745963;;street
Хмаринская улица;53.970568;27.581280;;street
Хмелевка;54.028402;27.248939;;microdistrict
Хмелевский переулок;54.028670;27.243923;;street
улица Хмелевского;53.888060;27.523031;;street
Ходаково;53.780274;27.390756;Мінскі раён;settlement
Холмогорская улица;53.884012;27.655792;;street
2-й Холмогорский переулок;53.887804;27.651815;;street
Хотяновщина;54.165031;27.328794;Мінскі раён;settlement
Хрустальная улица;53.901155;27.822694;;street
Хуторская улица;53.942145;27.380651;;street
2-й Хуторской переулок;53.940961;27.378750;;street
Цветная улица;54.034750;27.635570;;street
Цветочная улица;53.987419;27.270095;;street
Цветочный переулок;53.988142;27.272937;;street
Центральная улица;53.875402;27.655807;;street
Центральная аллея;53.922990;27.615960;;street
Центральная линия;53.951770;27.300774;;street
улица Центральная МТЗ;53.893283;27.623189;;street
Центральный переулок;53.816885;27.761608;;street
Цесино;53.762088;27.626835;Мінскі раён;settlement
Цна;53.988190;27.585300;Мінскі раён;settlement
Цнянка;53.971487;27.532223;Мінскі раён;settlement
Цнянская улица;53.921684;27.582229;;street
улица Чайковского;53.933160;27.625943;;street
улица Чайлытко;53.887741;27.439045;;street
улица Чапаева;53.904330;27.586389;;street
Чачково;53.892564;27.200595;Мінскі раён;settlement
улица Чеботарёва;53.890187;27.608017;;street
проезд Чекалина;53.881723;27.668601;;street
улица Челюскинцев;53.870123;27.649482;;street
улица Чепика;53.781091;27.829830;;street
Червенская улица;53.923406;27.361965;;street
улица Червякова;53.924486;27.550315;;street
Черёмуха;53.965206;27.153334;Мінскі раён;settlement
Черниговская улица;53.863880;27.529097;;street
Черниговский переулок;53.861815;27.530723;;street
Черники;54.151440;27.432780;Мінскі раён;settlement
Черничная улица;53.962368;27.869003;;street
Черничный переулок;53.923771;27.880109;;street
Чернолески;53.678867;27.475643;Мінскі раён;settlement
улица Чернышевского;53.927959;27.598302;;street
Чернявщина;54.003857;27.201519;Мінскі раён;settlement
улица Черняховского;53.939760;27.613470;;street
Чертяж;54.032204;27.639704;Мінскі раён;settlement
Четвертая улица;53.975868;27.264413;;street
Четвертая линия;53.943087;27.284486;;street
улица Чехова;53.913598;27.530241;;street
улица Чигладзе;53.926391;27.502869;;street
проезд Чижевских;53.849162;27.576202;;street
Чижовка;53.972286;27.539642;Мінскі раён;settlement
Чировичи;54.160693;27.298905;Мінскі раён;settlement
Чистая улица;53.923606;27.399312;;street
Чистый переулок;53.933966;27.411087;;street
улица Чичерина;53.911763;27.562892;;street
улица Чичурина;53.921663;27.458907;;street
улица Чкалова;53.880891;27.535624;;street
Чуриловичи;53.747852;27.570354;Мінскі раён;settlement
Чучаны;54.013779;27.462685;Мінскі раён;settlement
улица Чюрлёниса;53.856155;27.483265;;street
Шабаны;53.825410;27.666631;;microdistrict
улица Шабловского;53.853091;27.523275;;street
улица Шаранговича;53.890877;27.456398;;street
улица Шатило;53.874509;27.884619;;street
улица Шатько;53.882118;27.509792;;street
Шафарнянская улица;53.949172;27.678693;;street
бульвар Шевченко;53.927541;27.556249;;street
улица Шейпичи;53.867094;27.583357;;street
Шепели;54.163021;27.496460;Мінскі раён;settlement
Шершуны;54.180576;27.360418;Мінскі раён;settlement
Шестая улица;53.976187;27.266048;;street
улица 2-я Шестая Линия;53.925256;27.587152;;street
улица Шиманского;53.832914;27.538632;;street
Шимково;54.087921;27.378189;Мінскі раён;settlement
Широкая улица;53.949495;27.607089;;street
1-й Широкий переулок;53.940549;27.422844;;street
улица Шишкина;53.861102;27.634586;;street
Шкловская улица;53.904453;27.802894;;street
Школьная улица;53.877830;27.427158;;street
Школьный переулок;53.880318;27.532638;;street
Шорная улица;53.899811;27.541500;;street
Шоссейная улица;53.864168;27.660112;;street
Шоссейный переулок;53.750344;27.667155;;street
Шпалерная улица;53.821784;27.469246;;street
улица Шпитальника;53.938179;27.812169;;street
Шубники;53.998066;27.223228;Мінскі раён;settlement
улица Шугаева;53.935677;27.683992;;street
Шумилинская улица;53.962833;27.511289;;street
Щара;53.931851;27.690119;;street
2-й переулок Щедрина;53.935753;27.551673;;street
Щедровщина;54.154507;27.364927;Мінскі раён;settlement
Щёки;54.086904;27.237592;Мінскі раён;settlement
улица Щепкина;53.939191;27.581765;;street
улица Щербакова;53.891011;27.604309;;street
Щербины;54.075909;27.283859;Мінскі раён;settlement
улица Щётовка;53.858440;27.624246;;street
Щитомиричи;53.804997;27.543896;Мінскі раён;settlement
Щомыслица;53.824680;27.450298;Мінскі раён;settlement
улица Щорса;53.881013;27.521028;;street
улица Щукина;53.872525;27.890184;;street
Экологическая тропа;53.940047;27.698329;;street
Экологическая тропа "Шишки";53.827406;27.766938;;street
Экотропа;53.939098;27.434777;;street
экотропа «Святые криницы»;54.201143;27.385301;;street
Экотропа «Сёмково»;54.030828;27.429724;;street
экотропа «Чижовка»;53.847768;27.641415;;street
Экотропа Алешкина поляна;53.935684;27.522533;;street
Экотропа Окно в природу;53.935338;27.526457;;street
Экотропа Севастопольская;53.942535;27.611970;;street
Экотропа Тихая гавань;53.936360;27.520579;;street
Экскаваторная улица;53.938183;27.587549;;street
Экскаваторный переулок;53.941054;27.587710;;street
улица Электроподстанция;53.732373;27.514843;;street
улица Энгельса;53.903932;27.557783;;street
ЭндуроПарк мотошколы I.Ride;53.857162;27.424414;;street
улица Энергетиков;54.003224;27.273821;;street
Энергетический проезд;53.867076;27.625856;;street
улица Энтузиастов;53.915107;27.762274;;street
Юбилейная улица;53.844857;27.579591;;street
Юбилейный;53.819126;27.522427;Мінскі раён;settlement
Южная улица;53.918688;27.681483;;street
Южная магистраль;53.872762;27.561499;;street
1-й Южный переулок;53.857908;27.519572;;street
улица Юзофовича;53.737083;27.499182;;street
Юзуфово;54.108349;27.463249;Мінскі раён;settlement
Юношеская улица;53.863855;27.630861;;street
2-й Юношеский переулок;53.860869;27.623875;;street
улица Юрия Гагарина;54.062771;27.755272;;street
улица Юрия Семеняко;53.870320;27.459792;;street
Юрово-Завальная улица;53.902846;27.547169;;street
Юхновка;53.977796;27.854282;Мінскі раён;settlement
Яблоневая улица;53.918834;27.686359;;street
Ягодная улица;53.986816;27.263955;;street
улица Язепа Дроздовича;53.848163;27.563965;;street
Язминовая улица;53.908759;27.181343;;street
Язмінавы квартал;53.959660;27.656926;;microdistrict
переулок Якуба Коласа;53.922128;27.587740;;street
улица Якубова;53.862296;27.587482;;street
Якубовичи;53.977290;27.542730;Мінскі раён;settlement
улица Якубовского;53.903928;27.452974;;street
улица Яна Булгака;53.734681;27.590987;;street
улица Яна Райниса;53.873143;27.615561;;street
улица Яна Чечота;53.847124;27.485943;;street
улица Янки Брыля;53.876324;27.478721;;street
улица Янки Купалы;53.908929;27.559135;;street
улица Янки Лучины;53.840246;27.592355;;street
улица Янки Мавра;53.903419;27.489315;;street
улица Янковского;53.880083;27.444094;;street
Янтарная улица;53.966804;27.513416;;street
Янтарный переулок;53.966194;27.511633;;street
Ярково;53.891949;27.398136;Мінскі раён;settlement
Ярковская улица;53.899800;27.468574;;street
Ярославская улица;53.947023;27.845538;;street
Ярошевичская улица;53.954937;27.533257;;street
Ярошевичский переулок;53.956571;27.534018;;street
Ясеневая улица;53.923336;27.883955;;street
Ясеневый переулок;54.046405;27.698378;;street
Ясная улица;53.915136;27.678429;;street
Ясная Поляна;53.918526;27.871284;;microdistrict
Ясный переулок;53.915483;27.682082;;street
Яхонтовая улица;53.901508;27.821363;;street
